taxaElitismo,iteracao,melhorFitness
0,0,-27
0,1,-27
0,2,-27
0,3,-27
0,4,-26
0,5,-26
0,6,-26
0,7,-25
0,8,-22
0,9,-22
0,10,-22
0,11,-22
0,12,-20
0,13,-20
0,14,-19
0,15,-18
0,16,-17
0,17,-17
0,18,-16
0,19,-16
0,20,-15
0,21,-15
0,22,-15
0,23,-15
0,24,-15
0,25,-15
0,26,-15
0,27,-15
0,28,-15
0,29,-15
0,30,-15
0,31,-15
0,32,-15
0,33,-14
0,34,-14
0,35,-14
0,36,-14
0,37,-14
0,38,-14
0,39,-14
0,40,-14
0,41,-14
0,42,-14
0,43,-14
0,44,-14
0,45,-14
0,46,-14
0,47,-14
0,48,-14
0,49,-14
0,50,-14
0,51,-14
0,52,-14
0,53,-14
0,54,-14
0,55,-14
0,56,-14
0,57,-14
0,58,-14
0,59,-14
0,60,-14
0,61,-14
0,62,-14
0,63,-14
0,64,-14
0,65,-14
0,66,-14
0,67,-14
0,68,-14
0,69,-14
0,70,-14
0,71,-14
0,72,-14
0,73,-14
0,74,-14
0,75,-14
0,76,-14
0,77,-14
0,78,-14
0,79,-14
0,80,-14
0,81,-14
0,82,-14
0,83,-14
0,84,-14
0,85,-13
0,86,-13
0,87,-13
0,88,-13
0,89,-13
0,90,-13
0,91,-13
0,92,-13
0,93,-13
0,94,-13
0,95,-13
0,96,-13
0,97,-13
0,98,-13
0,99,-13
0,100,-13
0,101,-13
0,102,-13
0,103,-13
0,104,-13
0,105,-13
0,106,-12
0,107,-12
0,108,-12
0,109,-12
0,110,-12
0,111,-12
0,112,-12
0,113,-12
0,114,-12
0,115,-12
0,116,-11
0,117,-11
0,118,-11
0,119,-11
0,120,-11
0,121,-11
0,122,-11
0,123,-11
0,124,-11
0,125,-11
0,126,-11
0,127,-11
0,128,-11
0,129,-11
0,130,-11
0,131,-11
0,132,-11
0,133,-11
0,134,-11
0,135,-11
0,136,-11
0,137,-11
0,138,-11
0,139,-11
0,140,-11
0,141,-11
0,142,-11
0,143,-11
0,144,-11
0,145,-11
0,146,-11
0,147,-11
0,148,-11
0,149,-11
0,150,-11
0,151,-11
0,152,-11
0,153,-11
0,154,-11
0,155,-11
0,156,-11
0,157,-11
0,158,-11
0,159,-11
0,160,-11
0,161,-11
0,162,-11
0,163,-11
0,164,-11
0,165,-11
0,166,-11
0,167,-11
0,168,-11
0,169,-11
0,170,-11
0,171,-11
0,172,-11
0,173,-11
0,174,-11
0,175,-11
0,176,-11
0,177,-11
0,178,-11
0,179,-11
0,180,-11
0,181,-11
0,182,-11
0,183,-11
0,184,-11
0,185,-11
0,186,-11
0,187,-11
0,188,-11
0,189,-11
0,190,-11
0,191,-11
0,192,-11
0,193,-11
0,194,-11
0,195,-11
0,196,-11
0,197,-11
0,198,-11
0,199,-11
0,200,-11
0,201,-11
0,202,-11
0,203,-11
0,204,-11
0,205,-11
0,206,-11
0,207,-11
0,208,-11
0,209,-11
0,210,-11
0,211,-11
0,212,-11
0,213,-11
0,214,-11
0,215,-11
0,216,-11
0,217,-11
0,218,-11
0,219,-11
0,220,-11
0,221,-11
0,222,-11
0,223,-11
0,224,-11
0,225,-11
0,226,-11
0,227,-11
0,228,-11
0,229,-11
0,230,-11
0,231,-11
0,232,-11
0,233,-11
0,234,-11
0,235,-11
0,236,-11
0,237,-11
0,238,-11
0,239,-11
0,240,-11
0,241,-11
0,242,-11
0,243,-11
0,244,-11
0,245,-11
0,246,-11
0,247,-11
0,248,-11
0,249,-11
0,250,-11
0,251,-11
0,252,-11
0,253,-11
0,254,-11
0,255,-11
0,256,-11
0,257,-11
0,258,-11
0,259,-11
0,260,-11
0,261,-11
0,262,-11
0,263,-11
0,264,-11
0,265,-11
0,266,-11
0,267,-11
0,268,-11
0,269,-11
0,270,-11
0,271,-11
0,272,-11
0,273,-11
0,274,-11
0,275,-11
0,276,-11
0,277,-11
0,278,-11
0,279,-11
0,280,-11
0,281,-11
0,282,-11
0,283,-11
0,284,-11
0,285,-11
0,286,-11
0,287,-11
0,288,-11
0,289,-11
0,290,-11
0,291,-11
0,292,-11
0,293,-11
0,294,-11
0,295,-11
0,296,-11
0,297,-11
0,298,-11
0,299,-11
0,300,-11
0,301,-11
0,302,-11
0,303,-11
0,304,-11
0,305,-11
0,306,-11
0,307,-11
0,308,-11
0,309,-11
0,310,-11
0,311,-11
0,312,-11
0,313,-11
0,314,-11
0,315,-11
0,316,-11
0,317,-11
0,318,-11
0,319,-11
0,320,-11
0,321,-11
0,322,-11
0,323,-11
0,324,-11
0,325,-11
0,326,-11
0,327,-11
0,328,-11
0,329,-11
0,330,-11
0,331,-11
0,332,-11
0,333,-11
0,334,-11
0,335,-11
0,336,-11
0,337,-11
0,338,-11
0,339,-11
0,340,-11
0,341,-11
0,342,-11
0,343,-11
0,344,-11
0,345,-11
0,346,-11
0,347,-11
0,348,-11
0,349,-11
0,350,-11
0,351,-11
0,352,-11
0,353,-11
0,354,-11
0,355,-11
0,356,-11
0,357,-11
0,358,-11
0,359,-11
0,360,-11
0,361,-11
0,362,-11
0,363,-11
0,364,-11
0,365,-11
0,366,-11
0,367,-11
0,368,-11
0,369,-11
0,370,-11
0,371,-11
0,372,-11
0,373,-11
0,374,-11
0,375,-11
0,376,-11
0,377,-11
0,378,-11
0,379,-11
0,380,-11
0,381,-11
0,382,-11
0,383,-11
0,384,-11
0,385,-11
0,386,-11
0,387,-11
0,388,-11
0,389,-11
0,390,-11
0,391,-11
0,392,-11
0,393,-11
0,394,-11
0,395,-11
0,396,-11
0,397,-11
0,398,-11
0,399,-11
0,400,-11
0,401,-11
0,402,-11
0,403,-11
0,404,-11
0,405,-11
0,406,-11
0,407,-11
0,408,-11
0,409,-11
0,410,-11
0,411,-11
0,412,-11
0,413,-11
0,414,-11
0,415,-11
0,416,-11
0,417,-11
0,418,-11
0,419,-11
0,420,-11
0,421,-11
0,422,-11
0,423,-11
0,424,-11
0,425,-11
0,426,-11
0,427,-11
0,428,-11
0,429,-11
0,430,-11
0,431,-11
0,432,-11
0,433,-11
0,434,-11
0,435,-11
0,436,-11
0,437,-11
0,438,-11
0,439,-11
0,440,-11
0,441,-11
0,442,-11
0,443,-11
0,444,-11
0,445,-11
0,446,-11
0,447,-11
0,448,-11
0,449,-11
0,450,-11
0,451,-11
0,452,-11
0,453,-11
0,454,-11
0,455,-11
0,456,-11
0,457,-11
0,458,-11
0,459,-11
0,460,-11
0,461,-11
0,462,-11
0,463,-11
0,464,-11
0,465,-11
0,466,-11
0,467,-11
0,468,-11
0,469,-11
0,470,-11
0,471,-11
0,472,-11
0,473,-11
0,474,-11
0,475,-11
0,476,-11
0,477,-11
0,478,-11
0,479,-11
0,480,-11
0,481,-11
0,482,-11
0,483,-11
0,484,-11
0,485,-11
0,486,-11
0,487,-11
0,488,-11
0,489,-11
0,490,-11
0,491,-11
0,492,-11
0,493,-11
0,494,-11
0,495,-11
0,496,-11
0,497,-11
0,498,-11
0,499,-11
0,500,-11
0,501,-11
0,502,-11
0,503,-11
0,504,-11
0,505,-11
0,506,-11
0,507,-11
0,508,-11
0,509,-11
0,510,-11
0,511,-11
0,512,-11
0,513,-11
0,514,-11
0,515,-11
0,516,-11
0,517,-11
0,518,-11
0,519,-11
0,520,-11
0,521,-11
0,522,-11
0,523,-11
0,524,-11
0,525,-11
0,526,-11
0,527,-11
0,528,-11
0,529,-11
0,530,-11
0,531,-11
0,532,-11
0,533,-11
0,534,-11
0,535,-11
0,536,-11
0,537,-11
0,538,-11
0,539,-11
0,540,-11
0,541,-11
0,542,-11
0,543,-11
0,544,-11
0,545,-11
0,546,-11
0,547,-11
0,548,-11
0,549,-11
0,550,-11
0,551,-11
0,552,-11
0,553,-11
0,554,-11
0,555,-11
0,556,-11
0,557,-11
0,558,-11
0,559,-11
0,560,-11
0,561,-11
0,562,-11
0,563,-11
0,564,-11
0,565,-11
0,566,-11
0,567,-11
0,568,-11
0,569,-11
0,570,-11
0,571,-11
0,572,-11
0,573,-11
0,574,-11
0,575,-11
0,576,-11
0,577,-11
0,578,-11
0,579,-11
0,580,-11
0,581,-11
0,582,-11
0,583,-11
0,584,-11
0,585,-11
0,586,-11
0,587,-11
0,588,-11
0,589,-11
0,590,-11
0,591,-11
0,592,-11
0,593,-11
0,594,-11
0,595,-11
0,596,-11
0,597,-11
0,598,-11
0,599,-11
0,600,-11
0,601,-11
0,602,-11
0,603,-11
0,604,-11
0,605,-11
0,606,-11
0,607,-11
0,608,-11
0,609,-11
0,610,-11
0,611,-11
0,612,-11
0,613,-11
0,614,-11
0,615,-11
0,616,-11
0,617,-11
0,618,-11
0,619,-11
0,620,-11
0,621,-11
0,622,-11
0,623,-11
0,624,-11
0,625,-11
0,626,-11
0,627,-11
0,628,-11
0,629,-11
0,630,-11
0,631,-11
0,632,-11
0,633,-11
0,634,-11
0,635,-11
0,636,-11
0,637,-11
0,638,-11
0,639,-11
0,640,-11
0,641,-11
0,642,-11
0,643,-11
0,644,-11
0,645,-11
0,646,-11
0,647,-11
0,648,-11
0,649,-11
0,650,-11
0,651,-11
0,652,-11
0,653,-11
0,654,-11
0,655,-11
0,656,-11
0,657,-11
0,658,-11
0,659,-11
0,660,-11
0,661,-11
0,662,-11
0,663,-11
0,664,-11
0,665,-11
0,666,-11
0,667,-11
0,668,-11
0,669,-11
0,670,-11
0,671,-11
0,672,-11
0,673,-11
0,674,-11
0,675,-11
0,676,-11
0,677,-11
0,678,-11
0,679,-11
0,680,-11
0,681,-11
0,682,-11
0,683,-11
0,684,-11
0,685,-11
0,686,-11
0,687,-11
0,688,-11
0,689,-11
0,690,-11
0,691,-11
0,692,-11
0,693,-11
0,694,-11
0,695,-11
0,696,-11
0,697,-11
0,698,-11
0,699,-11
0,700,-11
0,701,-11
0,702,-11
0,703,-11
0,704,-11
0,705,-11
0,706,-11
0,707,-11
0,708,-11
0,709,-11
0,710,-11
0,711,-11
0,712,-11
0,713,-11
0,714,-11
0,715,-11
0,716,-11
0,717,-11
0,718,-11
0,719,-11
0,720,-11
0,721,-11
0,722,-11
0,723,-11
0,724,-11
0,725,-11
0,726,-11
0,727,-11
0,728,-11
0,729,-11
0,730,-11
0,731,-11
0,732,-11
0,733,-11
0,734,-11
0,735,-11
0,736,-11
0,737,-11
0,738,-11
0,739,-11
0,740,-11
0,741,-11
0,742,-11
0,743,-11
0,744,-11
0,745,-11
0,746,-11
0,747,-11
0,748,-11
0,749,-11
0,750,-11
0,751,-11
0,752,-11
0,753,-11
0,754,-11
0,755,-11
0,756,-11
0,757,-11
0,758,-11
0,759,-11
0,760,-11
0,761,-11
0,762,-11
0,763,-11
0,764,-11
0,765,-11
0,766,-11
0,767,-11
0,768,-11
0,769,-11
0,770,-11
0,771,-11
0,772,-11
0,773,-11
0,774,-11
0,775,-11
0,776,-11
0,777,-11
0,778,-11
0,779,-11
0,780,-11
0,781,-11
0,782,-11
0,783,-11
0,784,-11
0,785,-11
0,786,-11
0,787,-11
0,788,-11
0,789,-11
0,790,-11
0,791,-11
0,792,-11
0,793,-11
0,794,-11
0,795,-11
0,796,-11
0,797,-11
0,798,-11
0,799,-11
0,800,-11
0,801,-11
0,802,-11
0,803,-11
0,804,-11
0,805,-11
0,806,-11
0,807,-11
0,808,-11
0,809,-11
0,810,-11
0,811,-11
0,812,-11
0,813,-11
0,814,-11
0,815,-11
0,816,-11
0,817,-11
0,818,-11
0,819,-11
0,820,-11
0,821,-11
0,822,-11
0,823,-11
0,824,-11
0,825,-11
0,826,-11
0,827,-11
0,828,-11
0,829,-11
0,830,-11
0,831,-11
0,832,-11
0,833,-11
0,834,-11
0,835,-11
0,836,-11
0,837,-11
0,838,-11
0,839,-11
0,840,-11
0,841,-11
0,842,-11
0,843,-11
0,844,-11
0,845,-11
0,846,-11
0,847,-11
0,848,-11
0,849,-11
0,850,-11
0,851,-11
0,852,-11
0,853,-11
0,854,-11
0,855,-11
0,856,-11
0,857,-11
0,858,-11
0,859,-11
0,860,-11
0,861,-11
0,862,-11
0,863,-11
0,864,-11
0,865,-11
0,866,-11
0,867,-11
0,868,-11
0,869,-11
0,870,-11
0,871,-11
0,872,-11
0,873,-11
0,874,-11
0,875,-11
0,876,-11
0,877,-11
0,878,-11
0,879,-11
0,880,-11
0,881,-11
0,882,-11
0,883,-11
0,884,-11
0,885,-11
0,886,-11
0,887,-11
0,888,-11
0,889,-11
0,890,-11
0,891,-11
0,892,-11
0,893,-10
0,894,-10
0,895,-10
0,896,-10
0,897,-10
0,898,-10
0,899,-10
0,900,-10
0,901,-10
0,902,-10
0,903,-10
0,904,-10
0,905,-10
0,906,-10
0,907,-10
0,908,-10
0,909,-10
0,910,-10
0,911,-10
0,912,-10
0,913,-10
0,914,-10
0,915,-10
0,916,-10
0,917,-10
0,918,-10
0,919,-10
0,920,-10
0,921,-10
0,922,-10
0,923,-10
0,924,-10
0,925,-10
0,926,-10
0,927,-10
0,928,-10
0,929,-10
0,930,-10
0,931,-10
0,932,-10
0,933,-10
0,934,-10
0,935,-10
0,936,-10
0,937,-10
0,938,-10
0,939,-10
0,940,-10
0,941,-10
0,942,-10
0,943,-10
0,944,-10
0,945,-10
0,946,-10
0,947,-10
0,948,-10
0,949,-10
0,950,-10
0,951,-10
0,952,-10
0,953,-10
0,954,-10
0,955,-10
0,956,-10
0,957,-10
0,958,-10
0,959,-10
0,960,-10
0,961,-10
0,962,-10
0,963,-10
0,964,-10
0,965,-10
0,966,-10
0,967,-10
0,968,-10
0,969,-10
0,970,-10
0,971,-10
0,972,-10
0,973,-10
0,974,-10
0,975,-10
0,976,-10
0,977,-10
0,978,-10
0,979,-10
0,980,-10
0,981,-10
0,982,-10
0,983,-10
0,984,-10
0,985,-10
0,986,-10
0,987,-10
0,988,-10
0,989,-10
0,990,-10
0,991,-10
0,992,-10
0,993,-10
0,994,-10
0,995,-10
0,996,-10
0,997,-10
0,998,-10
0,999,-10
0.1,0,-35
0.1,1,-32
0.1,2,-30
0.1,3,-29
0.1,4,-27
0.1,5,-27
0.1,6,-26
0.1,7,-26
0.1,8,-25
0.1,9,-25
0.1,10,-23
0.1,11,-21
0.1,12,-21
0.1,13,-20
0.1,14,-19
0.1,15,-17
0.1,16,-17
0.1,17,-16
0.1,18,-16
0.1,19,-15
0.1,20,-15
0.1,21,-15
0.1,22,-15
0.1,23,-14
0.1,24,-14
0.1,25,-14
0.1,26,-14
0.1,27,-13
0.1,28,-13
0.1,29,-13
0.1,30,-13
0.1,31,-13
0.1,32,-13
0.1,33,-13
0.1,34,-13
0.1,35,-13
0.1,36,-13
0.1,37,-13
0.1,38,-13
0.1,39,-13
0.1,40,-13
0.1,41,-13
0.1,42,-13
0.1,43,-13
0.1,44,-13
0.1,45,-13
0.1,46,-13
0.1,47,-13
0.1,48,-13
0.1,49,-13
0.1,50,-13
0.1,51,-13
0.1,52,-13
0.1,53,-13
0.1,54,-13
0.1,55,-13
0.1,56,-13
0.1,57,-13
0.1,58,-13
0.1,59,-13
0.1,60,-13
0.1,61,-13
0.1,62,-13
0.1,63,-13
0.1,64,-13
0.1,65,-13
0.1,66,-12
0.1,67,-12
0.1,68,-12
0.1,69,-12
0.1,70,-12
0.1,71,-12
0.1,72,-12
0.1,73,-12
0.1,74,-12
0.1,75,-12
0.1,76,-12
0.1,77,-12
0.1,78,-12
0.1,79,-12
0.1,80,-12
0.1,81,-12
0.1,82,-12
0.1,83,-12
0.1,84,-12
0.1,85,-12
0.1,86,-12
0.1,87,-12
0.1,88,-12
0.1,89,-12
0.1,90,-12
0.1,91,-12
0.1,92,-12
0.1,93,-12
0.1,94,-12
0.1,95,-12
0.1,96,-12
0.1,97,-12
0.1,98,-12
0.1,99,-12
0.1,100,-12
0.1,101,-12
0.1,102,-12
0.1,103,-12
0.1,104,-12
0.1,105,-12
0.1,106,-12
0.1,107,-12
0.1,108,-12
0.1,109,-12
0.1,110,-12
0.1,111,-12
0.1,112,-12
0.1,113,-12
0.1,114,-12
0.1,115,-12
0.1,116,-12
0.1,117,-12
0.1,118,-12
0.1,119,-12
0.1,120,-12
0.1,121,-12
0.1,122,-12
0.1,123,-12
0.1,124,-12
0.1,125,-12
0.1,126,-12
0.1,127,-12
0.1,128,-12
0.1,129,-12
0.1,130,-12
0.1,131,-12
0.1,132,-12
0.1,133,-12
0.1,134,-12
0.1,135,-12
0.1,136,-12
0.1,137,-12
0.1,138,-12
0.1,139,-12
0.1,140,-12
0.1,141,-12
0.1,142,-12
0.1,143,-12
0.1,144,-12
0.1,145,-12
0.1,146,-12
0.1,147,-12
0.1,148,-12
0.1,149,-12
0.1,150,-12
0.1,151,-12
0.1,152,-12
0.1,153,-12
0.1,154,-12
0.1,155,-12
0.1,156,-12
0.1,157,-12
0.1,158,-12
0.1,159,-12
0.1,160,-12
0.1,161,-12
0.1,162,-12
0.1,163,-12
0.1,164,-12
0.1,165,-12
0.1,166,-12
0.1,167,-12
0.1,168,-12
0.1,169,-12
0.1,170,-12
0.1,171,-12
0.1,172,-12
0.1,173,-12
0.1,174,-12
0.1,175,-12
0.1,176,-12
0.1,177,-12
0.1,178,-12
0.1,179,-12
0.1,180,-12
0.1,181,-12
0.1,182,-12
0.1,183,-12
0.1,184,-12
0.1,185,-12
0.1,186,-12
0.1,187,-12
0.1,188,-12
0.1,189,-12
0.1,190,-12
0.1,191,-12
0.1,192,-12
0.1,193,-12
0.1,194,-12
0.1,195,-12
0.1,196,-12
0.1,197,-12
0.1,198,-12
0.1,199,-12
0.1,200,-12
0.1,201,-12
0.1,202,-12
0.1,203,-12
0.1,204,-12
0.1,205,-12
0.1,206,-12
0.1,207,-12
0.1,208,-12
0.1,209,-12
0.1,210,-12
0.1,211,-12
0.1,212,-12
0.1,213,-12
0.1,214,-12
0.1,215,-12
0.1,216,-12
0.1,217,-12
0.1,218,-12
0.1,219,-12
0.1,220,-12
0.1,221,-12
0.1,222,-12
0.1,223,-12
0.1,224,-12
0.1,225,-12
0.1,226,-12
0.1,227,-12
0.1,228,-12
0.1,229,-12
0.1,230,-12
0.1,231,-12
0.1,232,-12
0.1,233,-12
0.1,234,-12
0.1,235,-12
0.1,236,-12
0.1,237,-12
0.1,238,-12
0.1,239,-12
0.1,240,-12
0.1,241,-12
0.1,242,-12
0.1,243,-12
0.1,244,-12
0.1,245,-12
0.1,246,-12
0.1,247,-12
0.1,248,-12
0.1,249,-12
0.1,250,-12
0.1,251,-12
0.1,252,-12
0.1,253,-12
0.1,254,-12
0.1,255,-12
0.1,256,-12
0.1,257,-12
0.1,258,-12
0.1,259,-12
0.1,260,-12
0.1,261,-12
0.1,262,-12
0.1,263,-12
0.1,264,-12
0.1,265,-12
0.1,266,-12
0.1,267,-12
0.1,268,-12
0.1,269,-12
0.1,270,-12
0.1,271,-12
0.1,272,-12
0.1,273,-12
0.1,274,-12
0.1,275,-12
0.1,276,-12
0.1,277,-12
0.1,278,-12
0.1,279,-12
0.1,280,-12
0.1,281,-12
0.1,282,-12
0.1,283,-12
0.1,284,-12
0.1,285,-12
0.1,286,-12
0.1,287,-12
0.1,288,-12
0.1,289,-12
0.1,290,-12
0.1,291,-12
0.1,292,-12
0.1,293,-12
0.1,294,-12
0.1,295,-12
0.1,296,-12
0.1,297,-12
0.1,298,-12
0.1,299,-12
0.1,300,-12
0.1,301,-12
0.1,302,-12
0.1,303,-12
0.1,304,-12
0.1,305,-12
0.1,306,-12
0.1,307,-12
0.1,308,-12
0.1,309,-12
0.1,310,-12
0.1,311,-12
0.1,312,-12
0.1,313,-12
0.1,314,-12
0.1,315,-12
0.1,316,-12
0.1,317,-12
0.1,318,-12
0.1,319,-12
0.1,320,-12
0.1,321,-12
0.1,322,-12
0.1,323,-12
0.1,324,-12
0.1,325,-12
0.1,326,-12
0.1,327,-12
0.1,328,-12
0.1,329,-12
0.1,330,-12
0.1,331,-12
0.1,332,-12
0.1,333,-12
0.1,334,-12
0.1,335,-12
0.1,336,-12
0.1,337,-12
0.1,338,-12
0.1,339,-12
0.1,340,-12
0.1,341,-12
0.1,342,-12
0.1,343,-12
0.1,344,-12
0.1,345,-12
0.1,346,-12
0.1,347,-12
0.1,348,-12
0.1,349,-12
0.1,350,-12
0.1,351,-12
0.1,352,-12
0.1,353,-12
0.1,354,-12
0.1,355,-12
0.1,356,-12
0.1,357,-12
0.1,358,-12
0.1,359,-12
0.1,360,-12
0.1,361,-12
0.1,362,-12
0.1,363,-12
0.1,364,-12
0.1,365,-12
0.1,366,-12
0.1,367,-12
0.1,368,-12
0.1,369,-12
0.1,370,-12
0.1,371,-12
0.1,372,-12
0.1,373,-12
0.1,374,-12
0.1,375,-12
0.1,376,-12
0.1,377,-12
0.1,378,-12
0.1,379,-12
0.1,380,-12
0.1,381,-12
0.1,382,-12
0.1,383,-12
0.1,384,-12
0.1,385,-12
0.1,386,-12
0.1,387,-12
0.1,388,-12
0.1,389,-12
0.1,390,-12
0.1,391,-12
0.1,392,-12
0.1,393,-12
0.1,394,-12
0.1,395,-12
0.1,396,-12
0.1,397,-12
0.1,398,-12
0.1,399,-12
0.1,400,-12
0.1,401,-12
0.1,402,-12
0.1,403,-12
0.1,404,-12
0.1,405,-12
0.1,406,-12
0.1,407,-12
0.1,408,-12
0.1,409,-12
0.1,410,-12
0.1,411,-12
0.1,412,-12
0.1,413,-12
0.1,414,-12
0.1,415,-12
0.1,416,-12
0.1,417,-12
0.1,418,-12
0.1,419,-12
0.1,420,-12
0.1,421,-12
0.1,422,-12
0.1,423,-12
0.1,424,-12
0.1,425,-12
0.1,426,-12
0.1,427,-12
0.1,428,-12
0.1,429,-12
0.1,430,-12
0.1,431,-12
0.1,432,-12
0.1,433,-12
0.1,434,-12
0.1,435,-12
0.1,436,-12
0.1,437,-12
0.1,438,-12
0.1,439,-12
0.1,440,-12
0.1,441,-12
0.1,442,-12
0.1,443,-12
0.1,444,-12
0.1,445,-12
0.1,446,-12
0.1,447,-12
0.1,448,-12
0.1,449,-12
0.1,450,-12
0.1,451,-12
0.1,452,-12
0.1,453,-12
0.1,454,-12
0.1,455,-12
0.1,456,-12
0.1,457,-12
0.1,458,-12
0.1,459,-12
0.1,460,-12
0.1,461,-12
0.1,462,-12
0.1,463,-12
0.1,464,-12
0.1,465,-12
0.1,466,-12
0.1,467,-12
0.1,468,-12
0.1,469,-12
0.1,470,-12
0.1,471,-12
0.1,472,-12
0.1,473,-12
0.1,474,-12
0.1,475,-12
0.1,476,-12
0.1,477,-12
0.1,478,-12
0.1,479,-12
0.1,480,-12
0.1,481,-12
0.1,482,-12
0.1,483,-12
0.1,484,-12
0.1,485,-12
0.1,486,-12
0.1,487,-12
0.1,488,-12
0.1,489,-12
0.1,490,-12
0.1,491,-12
0.1,492,-12
0.1,493,-12
0.1,494,-12
0.1,495,-12
0.1,496,-12
0.1,497,-12
0.1,498,-12
0.1,499,-12
0.1,500,-12
0.1,501,-12
0.1,502,-12
0.1,503,-12
0.1,504,-12
0.1,505,-12
0.1,506,-12
0.1,507,-12
0.1,508,-12
0.1,509,-12
0.1,510,-12
0.1,511,-12
0.1,512,-12
0.1,513,-12
0.1,514,-12
0.1,515,-12
0.1,516,-12
0.1,517,-12
0.1,518,-12
0.1,519,-12
0.1,520,-12
0.1,521,-12
0.1,522,-12
0.1,523,-12
0.1,524,-12
0.1,525,-12
0.1,526,-12
0.1,527,-12
0.1,528,-12
0.1,529,-12
0.1,530,-12
0.1,531,-12
0.1,532,-12
0.1,533,-12
0.1,534,-12
0.1,535,-12
0.1,536,-12
0.1,537,-12
0.1,538,-12
0.1,539,-12
0.1,540,-12
0.1,541,-12
0.1,542,-12
0.1,543,-12
0.1,544,-12
0.1,545,-12
0.1,546,-12
0.1,547,-12
0.1,548,-12
0.1,549,-12
0.1,550,-12
0.1,551,-12
0.1,552,-12
0.1,553,-12
0.1,554,-12
0.1,555,-12
0.1,556,-12
0.1,557,-12
0.1,558,-12
0.1,559,-12
0.1,560,-12
0.1,561,-12
0.1,562,-12
0.1,563,-12
0.1,564,-12
0.1,565,-12
0.1,566,-12
0.1,567,-12
0.1,568,-12
0.1,569,-12
0.1,570,-12
0.1,571,-12
0.1,572,-12
0.1,573,-12
0.1,574,-12
0.1,575,-12
0.1,576,-12
0.1,577,-12
0.1,578,-12
0.1,579,-12
0.1,580,-12
0.1,581,-12
0.1,582,-12
0.1,583,-12
0.1,584,-12
0.1,585,-12
0.1,586,-12
0.1,587,-12
0.1,588,-12
0.1,589,-12
0.1,590,-12
0.1,591,-12
0.1,592,-12
0.1,593,-12
0.1,594,-12
0.1,595,-12
0.1,596,-12
0.1,597,-12
0.1,598,-12
0.1,599,-12
0.1,600,-12
0.1,601,-12
0.1,602,-12
0.1,603,-12
0.1,604,-12
0.1,605,-12
0.1,606,-12
0.1,607,-12
0.1,608,-12
0.1,609,-12
0.1,610,-12
0.1,611,-12
0.1,612,-12
0.1,613,-12
0.1,614,-12
0.1,615,-12
0.1,616,-12
0.1,617,-12
0.1,618,-12
0.1,619,-12
0.1,620,-12
0.1,621,-12
0.1,622,-12
0.1,623,-12
0.1,624,-12
0.1,625,-12
0.1,626,-12
0.1,627,-12
0.1,628,-12
0.1,629,-12
0.1,630,-12
0.1,631,-12
0.1,632,-12
0.1,633,-12
0.1,634,-12
0.1,635,-12
0.1,636,-12
0.1,637,-12
0.1,638,-12
0.1,639,-12
0.1,640,-12
0.1,641,-12
0.1,642,-12
0.1,643,-12
0.1,644,-12
0.1,645,-12
0.1,646,-12
0.1,647,-12
0.1,648,-12
0.1,649,-12
0.1,650,-12
0.1,651,-12
0.1,652,-12
0.1,653,-12
0.1,654,-12
0.1,655,-12
0.1,656,-12
0.1,657,-12
0.1,658,-12
0.1,659,-12
0.1,660,-12
0.1,661,-12
0.1,662,-12
0.1,663,-12
0.1,664,-12
0.1,665,-12
0.1,666,-12
0.1,667,-12
0.1,668,-12
0.1,669,-12
0.1,670,-12
0.1,671,-12
0.1,672,-12
0.1,673,-12
0.1,674,-12
0.1,675,-12
0.1,676,-12
0.1,677,-12
0.1,678,-12
0.1,679,-12
0.1,680,-12
0.1,681,-12
0.1,682,-12
0.1,683,-12
0.1,684,-12
0.1,685,-12
0.1,686,-12
0.1,687,-12
0.1,688,-12
0.1,689,-12
0.1,690,-12
0.1,691,-12
0.1,692,-12
0.1,693,-12
0.1,694,-12
0.1,695,-12
0.1,696,-12
0.1,697,-12
0.1,698,-12
0.1,699,-12
0.1,700,-12
0.1,701,-12
0.1,702,-12
0.1,703,-12
0.1,704,-12
0.1,705,-12
0.1,706,-12
0.1,707,-12
0.1,708,-12
0.1,709,-12
0.1,710,-12
0.1,711,-12
0.1,712,-12
0.1,713,-12
0.1,714,-12
0.1,715,-12
0.1,716,-12
0.1,717,-12
0.1,718,-12
0.1,719,-12
0.1,720,-12
0.1,721,-12
0.1,722,-12
0.1,723,-12
0.1,724,-12
0.1,725,-12
0.1,726,-12
0.1,727,-12
0.1,728,-12
0.1,729,-12
0.1,730,-12
0.1,731,-12
0.1,732,-12
0.1,733,-12
0.1,734,-12
0.1,735,-12
0.1,736,-12
0.1,737,-12
0.1,738,-12
0.1,739,-12
0.1,740,-12
0.1,741,-12
0.1,742,-12
0.1,743,-12
0.1,744,-12
0.1,745,-12
0.1,746,-12
0.1,747,-12
0.1,748,-12
0.1,749,-12
0.1,750,-12
0.1,751,-12
0.1,752,-12
0.1,753,-12
0.1,754,-12
0.1,755,-12
0.1,756,-12
0.1,757,-12
0.1,758,-12
0.1,759,-12
0.1,760,-12
0.1,761,-12
0.1,762,-12
0.1,763,-12
0.1,764,-12
0.1,765,-12
0.1,766,-12
0.1,767,-12
0.1,768,-12
0.1,769,-12
0.1,770,-12
0.1,771,-12
0.1,772,-12
0.1,773,-12
0.1,774,-12
0.1,775,-12
0.1,776,-12
0.1,777,-12
0.1,778,-12
0.1,779,-12
0.1,780,-12
0.1,781,-12
0.1,782,-12
0.1,783,-12
0.1,784,-12
0.1,785,-12
0.1,786,-12
0.1,787,-12
0.1,788,-12
0.1,789,-12
0.1,790,-12
0.1,791,-12
0.1,792,-12
0.1,793,-12
0.1,794,-12
0.1,795,-12
0.1,796,-12
0.1,797,-12
0.1,798,-12
0.1,799,-12
0.1,800,-12
0.1,801,-12
0.1,802,-12
0.1,803,-12
0.1,804,-12
0.1,805,-12
0.1,806,-12
0.1,807,-12
0.1,808,-12
0.1,809,-12
0.1,810,-12
0.1,811,-12
0.1,812,-12
0.1,813,-12
0.1,814,-12
0.1,815,-12
0.1,816,-12
0.1,817,-12
0.1,818,-12
0.1,819,-12
0.1,820,-12
0.1,821,-12
0.1,822,-12
0.1,823,-12
0.1,824,-12
0.1,825,-12
0.1,826,-12
0.1,827,-12
0.1,828,-12
0.1,829,-12
0.1,830,-12
0.1,831,-12
0.1,832,-12
0.1,833,-12
0.1,834,-12
0.1,835,-12
0.1,836,-12
0.1,837,-12
0.1,838,-12
0.1,839,-12
0.1,840,-12
0.1,841,-12
0.1,842,-12
0.1,843,-12
0.1,844,-12
0.1,845,-12
0.1,846,-12
0.1,847,-12
0.1,848,-12
0.1,849,-12
0.1,850,-12
0.1,851,-12
0.1,852,-12
0.1,853,-12
0.1,854,-12
0.1,855,-12
0.1,856,-12
0.1,857,-12
0.1,858,-12
0.1,859,-12
0.1,860,-12
0.1,861,-12
0.1,862,-12
0.1,863,-12
0.1,864,-12
0.1,865,-12
0.1,866,-12
0.1,867,-12
0.1,868,-12
0.1,869,-12
0.1,870,-12
0.1,871,-12
0.1,872,-12
0.1,873,-12
0.1,874,-12
0.1,875,-12
0.1,876,-12
0.1,877,-12
0.1,878,-12
0.1,879,-12
0.1,880,-12
0.1,881,-12
0.1,882,-12
0.1,883,-12
0.1,884,-12
0.1,885,-12
0.1,886,-12
0.1,887,-12
0.1,888,-12
0.1,889,-12
0.1,890,-12
0.1,891,-12
0.1,892,-12
0.1,893,-12
0.1,894,-12
0.1,895,-12
0.1,896,-12
0.1,897,-12
0.1,898,-12
0.1,899,-12
0.1,900,-12
0.1,901,-12
0.1,902,-12
0.1,903,-12
0.1,904,-12
0.1,905,-12
0.1,906,-12
0.1,907,-12
0.1,908,-12
0.1,909,-12
0.1,910,-12
0.1,911,-12
0.1,912,-12
0.1,913,-12
0.1,914,-12
0.1,915,-12
0.1,916,-12
0.1,917,-12
0.1,918,-12
0.1,919,-12
0.1,920,-12
0.1,921,-12
0.1,922,-12
0.1,923,-12
0.1,924,-12
0.1,925,-12
0.1,926,-12
0.1,927,-12
0.1,928,-12
0.1,929,-12
0.1,930,-12
0.1,931,-12
0.1,932,-12
0.1,933,-12
0.1,934,-12
0.1,935,-12
0.1,936,-12
0.1,937,-12
0.1,938,-12
0.1,939,-12
0.1,940,-12
0.1,941,-12
0.1,942,-12
0.1,943,-12
0.1,944,-12
0.1,945,-12
0.1,946,-12
0.1,947,-12
0.1,948,-12
0.1,949,-12
0.1,950,-12
0.1,951,-12
0.1,952,-12
0.1,953,-12
0.1,954,-12
0.1,955,-12
0.1,956,-12
0.1,957,-12
0.1,958,-12
0.1,959,-12
0.1,960,-12
0.1,961,-12
0.1,962,-12
0.1,963,-12
0.1,964,-12
0.1,965,-12
0.1,966,-12
0.1,967,-12
0.1,968,-12
0.1,969,-12
0.1,970,-12
0.1,971,-12
0.1,972,-12
0.1,973,-12
0.1,974,-12
0.1,975,-12
0.1,976,-12
0.1,977,-12
0.1,978,-12
0.1,979,-12
0.1,980,-12
0.1,981,-12
0.1,982,-12
0.1,983,-12
0.1,984,-12
0.1,985,-12
0.1,986,-12
0.1,987,-12
0.1,988,-12
0.1,989,-12
0.1,990,-12
0.1,991,-12
0.1,992,-12
0.1,993,-12
0.1,994,-12
0.1,995,-12
0.1,996,-12
0.1,997,-12
0.1,998,-12
0.1,999,-12
0.25,0,-32
0.25,1,-32
0.25,2,-32
0.25,3,-31
0.25,4,-30
0.25,5,-29
0.25,6,-27
0.25,7,-26
0.25,8,-26
0.25,9,-25
0.25,10,-23
0.25,11,-23
0.25,12,-21
0.25,13,-20
0.25,14,-20
0.25,15,-20
0.25,16,-20
0.25,17,-20
0.25,18,-20
0.25,19,-19
0.25,20,-19
0.25,21,-19
0.25,22,-19
0.25,23,-19
0.25,24,-19
0.25,25,-18
0.25,26,-18
0.25,27,-17
0.25,28,-17
0.25,29,-17
0.25,30,-17
0.25,31,-16
0.25,32,-16
0.25,33,-16
0.25,34,-16
0.25,35,-15
0.25,36,-15
0.25,37,-15
0.25,38,-15
0.25,39,-15
0.25,40,-15
0.25,41,-14
0.25,42,-14
0.25,43,-14
0.25,44,-14
0.25,45,-14
0.25,46,-14
0.25,47,-14
0.25,48,-14
0.25,49,-13
0.25,50,-13
0.25,51,-13
0.25,52,-13
0.25,53,-13
0.25,54,-13
0.25,55,-13
0.25,56,-13
0.25,57,-13
0.25,58,-13
0.25,59,-13
0.25,60,-13
0.25,61,-13
0.25,62,-13
0.25,63,-13
0.25,64,-13
0.25,65,-13
0.25,66,-13
0.25,67,-13
0.25,68,-13
0.25,69,-13
0.25,70,-13
0.25,71,-13
0.25,72,-13
0.25,73,-13
0.25,74,-13
0.25,75,-13
0.25,76,-13
0.25,77,-13
0.25,78,-13
0.25,79,-13
0.25,80,-13
0.25,81,-13
0.25,82,-13
0.25,83,-13
0.25,84,-13
0.25,85,-13
0.25,86,-13
0.25,87,-13
0.25,88,-13
0.25,89,-13
0.25,90,-13
0.25,91,-13
0.25,92,-13
0.25,93,-13
0.25,94,-13
0.25,95,-13
0.25,96,-13
0.25,97,-13
0.25,98,-13
0.25,99,-13
0.25,100,-13
0.25,101,-13
0.25,102,-13
0.25,103,-13
0.25,104,-13
0.25,105,-13
0.25,106,-13
0.25,107,-13
0.25,108,-13
0.25,109,-13
0.25,110,-13
0.25,111,-13
0.25,112,-13
0.25,113,-13
0.25,114,-13
0.25,115,-13
0.25,116,-13
0.25,117,-13
0.25,118,-13
0.25,119,-13
0.25,120,-13
0.25,121,-13
0.25,122,-13
0.25,123,-13
0.25,124,-13
0.25,125,-13
0.25,126,-13
0.25,127,-13
0.25,128,-13
0.25,129,-13
0.25,130,-13
0.25,131,-13
0.25,132,-13
0.25,133,-13
0.25,134,-13
0.25,135,-13
0.25,136,-13
0.25,137,-13
0.25,138,-13
0.25,139,-13
0.25,140,-13
0.25,141,-13
0.25,142,-13
0.25,143,-13
0.25,144,-13
0.25,145,-13
0.25,146,-13
0.25,147,-13
0.25,148,-13
0.25,149,-13
0.25,150,-12
0.25,151,-12
0.25,152,-12
0.25,153,-12
0.25,154,-12
0.25,155,-12
0.25,156,-12
0.25,157,-12
0.25,158,-12
0.25,159,-12
0.25,160,-12
0.25,161,-12
0.25,162,-12
0.25,163,-12
0.25,164,-12
0.25,165,-12
0.25,166,-12
0.25,167,-12
0.25,168,-12
0.25,169,-12
0.25,170,-12
0.25,171,-12
0.25,172,-12
0.25,173,-12
0.25,174,-12
0.25,175,-12
0.25,176,-12
0.25,177,-12
0.25,178,-12
0.25,179,-12
0.25,180,-12
0.25,181,-12
0.25,182,-12
0.25,183,-12
0.25,184,-12
0.25,185,-12
0.25,186,-12
0.25,187,-12
0.25,188,-12
0.25,189,-12
0.25,190,-12
0.25,191,-12
0.25,192,-12
0.25,193,-12
0.25,194,-12
0.25,195,-12
0.25,196,-12
0.25,197,-12
0.25,198,-12
0.25,199,-12
0.25,200,-12
0.25,201,-12
0.25,202,-12
0.25,203,-12
0.25,204,-12
0.25,205,-12
0.25,206,-12
0.25,207,-12
0.25,208,-12
0.25,209,-12
0.25,210,-12
0.25,211,-12
0.25,212,-12
0.25,213,-12
0.25,214,-12
0.25,215,-12
0.25,216,-12
0.25,217,-12
0.25,218,-12
0.25,219,-12
0.25,220,-12
0.25,221,-12
0.25,222,-12
0.25,223,-12
0.25,224,-12
0.25,225,-12
0.25,226,-12
0.25,227,-12
0.25,228,-12
0.25,229,-12
0.25,230,-12
0.25,231,-12
0.25,232,-12
0.25,233,-12
0.25,234,-12
0.25,235,-12
0.25,236,-12
0.25,237,-12
0.25,238,-12
0.25,239,-12
0.25,240,-12
0.25,241,-12
0.25,242,-12
0.25,243,-12
0.25,244,-12
0.25,245,-12
0.25,246,-12
0.25,247,-12
0.25,248,-12
0.25,249,-12
0.25,250,-12
0.25,251,-12
0.25,252,-12
0.25,253,-12
0.25,254,-12
0.25,255,-12
0.25,256,-12
0.25,257,-12
0.25,258,-12
0.25,259,-12
0.25,260,-12
0.25,261,-12
0.25,262,-12
0.25,263,-12
0.25,264,-12
0.25,265,-12
0.25,266,-12
0.25,267,-12
0.25,268,-12
0.25,269,-12
0.25,270,-12
0.25,271,-12
0.25,272,-12
0.25,273,-12
0.25,274,-12
0.25,275,-12
0.25,276,-12
0.25,277,-12
0.25,278,-12
0.25,279,-12
0.25,280,-12
0.25,281,-12
0.25,282,-12
0.25,283,-12
0.25,284,-12
0.25,285,-12
0.25,286,-12
0.25,287,-12
0.25,288,-12
0.25,289,-12
0.25,290,-12
0.25,291,-12
0.25,292,-12
0.25,293,-12
0.25,294,-11
0.25,295,-11
0.25,296,-11
0.25,297,-11
0.25,298,-11
0.25,299,-11
0.25,300,-11
0.25,301,-11
0.25,302,-11
0.25,303,-11
0.25,304,-11
0.25,305,-11
0.25,306,-11
0.25,307,-11
0.25,308,-11
0.25,309,-11
0.25,310,-11
0.25,311,-11
0.25,312,-11
0.25,313,-11
0.25,314,-11
0.25,315,-11
0.25,316,-11
0.25,317,-11
0.25,318,-11
0.25,319,-11
0.25,320,-11
0.25,321,-11
0.25,322,-11
0.25,323,-11
0.25,324,-11
0.25,325,-11
0.25,326,-11
0.25,327,-11
0.25,328,-11
0.25,329,-11
0.25,330,-11
0.25,331,-11
0.25,332,-11
0.25,333,-11
0.25,334,-11
0.25,335,-11
0.25,336,-11
0.25,337,-11
0.25,338,-11
0.25,339,-11
0.25,340,-11
0.25,341,-11
0.25,342,-11
0.25,343,-11
0.25,344,-11
0.25,345,-11
0.25,346,-11
0.25,347,-11
0.25,348,-11
0.25,349,-11
0.25,350,-11
0.25,351,-11
0.25,352,-11
0.25,353,-11
0.25,354,-11
0.25,355,-11
0.25,356,-11
0.25,357,-11
0.25,358,-11
0.25,359,-11
0.25,360,-11
0.25,361,-11
0.25,362,-11
0.25,363,-11
0.25,364,-11
0.25,365,-11
0.25,366,-11
0.25,367,-11
0.25,368,-11
0.25,369,-11
0.25,370,-11
0.25,371,-11
0.25,372,-11
0.25,373,-11
0.25,374,-11
0.25,375,-11
0.25,376,-11
0.25,377,-11
0.25,378,-11
0.25,379,-11
0.25,380,-11
0.25,381,-11
0.25,382,-11
0.25,383,-11
0.25,384,-11
0.25,385,-11
0.25,386,-11
0.25,387,-11
0.25,388,-11
0.25,389,-11
0.25,390,-11
0.25,391,-11
0.25,392,-11
0.25,393,-11
0.25,394,-11
0.25,395,-11
0.25,396,-11
0.25,397,-11
0.25,398,-11
0.25,399,-11
0.25,400,-11
0.25,401,-11
0.25,402,-11
0.25,403,-11
0.25,404,-11
0.25,405,-11
0.25,406,-11
0.25,407,-11
0.25,408,-11
0.25,409,-11
0.25,410,-11
0.25,411,-11
0.25,412,-11
0.25,413,-11
0.25,414,-11
0.25,415,-11
0.25,416,-11
0.25,417,-11
0.25,418,-11
0.25,419,-11
0.25,420,-11
0.25,421,-11
0.25,422,-11
0.25,423,-11
0.25,424,-11
0.25,425,-11
0.25,426,-11
0.25,427,-11
0.25,428,-11
0.25,429,-11
0.25,430,-11
0.25,431,-11
0.25,432,-11
0.25,433,-11
0.25,434,-11
0.25,435,-11
0.25,436,-11
0.25,437,-11
0.25,438,-11
0.25,439,-11
0.25,440,-11
0.25,441,-11
0.25,442,-11
0.25,443,-11
0.25,444,-11
0.25,445,-11
0.25,446,-11
0.25,447,-11
0.25,448,-11
0.25,449,-11
0.25,450,-11
0.25,451,-11
0.25,452,-11
0.25,453,-11
0.25,454,-11
0.25,455,-11
0.25,456,-11
0.25,457,-11
0.25,458,-11
0.25,459,-11
0.25,460,-11
0.25,461,-11
0.25,462,-11
0.25,463,-11
0.25,464,-11
0.25,465,-11
0.25,466,-11
0.25,467,-11
0.25,468,-11
0.25,469,-11
0.25,470,-11
0.25,471,-11
0.25,472,-11
0.25,473,-11
0.25,474,-11
0.25,475,-11
0.25,476,-11
0.25,477,-11
0.25,478,-11
0.25,479,-11
0.25,480,-11
0.25,481,-11
0.25,482,-11
0.25,483,-11
0.25,484,-11
0.25,485,-11
0.25,486,-11
0.25,487,-11
0.25,488,-11
0.25,489,-11
0.25,490,-11
0.25,491,-11
0.25,492,-11
0.25,493,-11
0.25,494,-11
0.25,495,-11
0.25,496,-11
0.25,497,-11
0.25,498,-11
0.25,499,-11
0.25,500,-11
0.25,501,-11
0.25,502,-11
0.25,503,-11
0.25,504,-11
0.25,505,-11
0.25,506,-11
0.25,507,-11
0.25,508,-11
0.25,509,-11
0.25,510,-11
0.25,511,-11
0.25,512,-11
0.25,513,-11
0.25,514,-11
0.25,515,-11
0.25,516,-11
0.25,517,-11
0.25,518,-11
0.25,519,-11
0.25,520,-11
0.25,521,-11
0.25,522,-11
0.25,523,-11
0.25,524,-11
0.25,525,-11
0.25,526,-11
0.25,527,-11
0.25,528,-11
0.25,529,-11
0.25,530,-11
0.25,531,-11
0.25,532,-11
0.25,533,-11
0.25,534,-11
0.25,535,-11
0.25,536,-11
0.25,537,-11
0.25,538,-11
0.25,539,-11
0.25,540,-11
0.25,541,-11
0.25,542,-11
0.25,543,-11
0.25,544,-11
0.25,545,-11
0.25,546,-11
0.25,547,-11
0.25,548,-11
0.25,549,-11
0.25,550,-11
0.25,551,-11
0.25,552,-11
0.25,553,-11
0.25,554,-11
0.25,555,-11
0.25,556,-11
0.25,557,-11
0.25,558,-11
0.25,559,-11
0.25,560,-11
0.25,561,-11
0.25,562,-11
0.25,563,-11
0.25,564,-11
0.25,565,-11
0.25,566,-11
0.25,567,-11
0.25,568,-11
0.25,569,-11
0.25,570,-11
0.25,571,-11
0.25,572,-11
0.25,573,-11
0.25,574,-11
0.25,575,-11
0.25,576,-11
0.25,577,-11
0.25,578,-11
0.25,579,-11
0.25,580,-11
0.25,581,-11
0.25,582,-11
0.25,583,-11
0.25,584,-11
0.25,585,-11
0.25,586,-11
0.25,587,-11
0.25,588,-11
0.25,589,-11
0.25,590,-11
0.25,591,-11
0.25,592,-11
0.25,593,-11
0.25,594,-11
0.25,595,-11
0.25,596,-11
0.25,597,-11
0.25,598,-11
0.25,599,-11
0.25,600,-11
0.25,601,-11
0.25,602,-11
0.25,603,-11
0.25,604,-11
0.25,605,-11
0.25,606,-11
0.25,607,-11
0.25,608,-11
0.25,609,-11
0.25,610,-11
0.25,611,-11
0.25,612,-11
0.25,613,-11
0.25,614,-11
0.25,615,-11
0.25,616,-10
0.25,617,-10
0.25,618,-10
0.25,619,-10
0.25,620,-10
0.25,621,-10
0.25,622,-10
0.25,623,-10
0.25,624,-10
0.25,625,-10
0.25,626,-10
0.25,627,-10
0.25,628,-10
0.25,629,-10
0.25,630,-10
0.25,631,-10
0.25,632,-10
0.25,633,-10
0.25,634,-10
0.25,635,-10
0.25,636,-10
0.25,637,-10
0.25,638,-10
0.25,639,-10
0.25,640,-10
0.25,641,-10
0.25,642,-10
0.25,643,-10
0.25,644,-10
0.25,645,-10
0.25,646,-10
0.25,647,-10
0.25,648,-10
0.25,649,-10
0.25,650,-10
0.25,651,-10
0.25,652,-10
0.25,653,-10
0.25,654,-10
0.25,655,-10
0.25,656,-10
0.25,657,-10
0.25,658,-10
0.25,659,-10
0.25,660,-10
0.25,661,-10
0.25,662,-10
0.25,663,-10
0.25,664,-10
0.25,665,-10
0.25,666,-10
0.25,667,-10
0.25,668,-10
0.25,669,-10
0.25,670,-10
0.25,671,-10
0.25,672,-10
0.25,673,-10
0.25,674,-10
0.25,675,-10
0.25,676,-10
0.25,677,-10
0.25,678,-10
0.25,679,-10
0.25,680,-10
0.25,681,-10
0.25,682,-10
0.25,683,-10
0.25,684,-10
0.25,685,-10
0.25,686,-10
0.25,687,-10
0.25,688,-10
0.25,689,-10
0.25,690,-10
0.25,691,-10
0.25,692,-10
0.25,693,-10
0.25,694,-10
0.25,695,-10
0.25,696,-10
0.25,697,-10
0.25,698,-10
0.25,699,-10
0.25,700,-10
0.25,701,-10
0.25,702,-10
0.25,703,-10
0.25,704,-10
0.25,705,-10
0.25,706,-10
0.25,707,-10
0.25,708,-10
0.25,709,-10
0.25,710,-10
0.25,711,-10
0.25,712,-10
0.25,713,-10
0.25,714,-10
0.25,715,-10
0.25,716,-10
0.25,717,-10
0.25,718,-10
0.25,719,-10
0.25,720,-10
0.25,721,-10
0.25,722,-10
0.25,723,-10
0.25,724,-10
0.25,725,-10
0.25,726,-10
0.25,727,-10
0.25,728,-10
0.25,729,-10
0.25,730,-10
0.25,731,-10
0.25,732,-10
0.25,733,-10
0.25,734,-10
0.25,735,-10
0.25,736,-10
0.25,737,-10
0.25,738,-10
0.25,739,-10
0.25,740,-10
0.25,741,-10
0.25,742,-10
0.25,743,-10
0.25,744,-10
0.25,745,-10
0.25,746,-10
0.25,747,-10
0.25,748,-10
0.25,749,-10
0.25,750,-10
0.25,751,-10
0.25,752,-10
0.25,753,-10
0.25,754,-10
0.25,755,-10
0.25,756,-10
0.25,757,-10
0.25,758,-10
0.25,759,-10
0.25,760,-10
0.25,761,-10
0.25,762,-10
0.25,763,-10
0.25,764,-10
0.25,765,-10
0.25,766,-10
0.25,767,-10
0.25,768,-10
0.25,769,-10
0.25,770,-10
0.25,771,-10
0.25,772,-10
0.25,773,-10
0.25,774,-10
0.25,775,-10
0.25,776,-10
0.25,777,-10
0.25,778,-10
0.25,779,-10
0.25,780,-10
0.25,781,-10
0.25,782,-10
0.25,783,-10
0.25,784,-10
0.25,785,-10
0.25,786,-10
0.25,787,-10
0.25,788,-10
0.25,789,-10
0.25,790,-10
0.25,791,-10
0.25,792,-10
0.25,793,-10
0.25,794,-10
0.25,795,-10
0.25,796,-10
0.25,797,-10
0.25,798,-10
0.25,799,-10
0.25,800,-10
0.25,801,-10
0.25,802,-10
0.25,803,-10
0.25,804,-10
0.25,805,-10
0.25,806,-10
0.25,807,-10
0.25,808,-10
0.25,809,-10
0.25,810,-10
0.25,811,-10
0.25,812,-10
0.25,813,-10
0.25,814,-10
0.25,815,-10
0.25,816,-10
0.25,817,-10
0.25,818,-10
0.25,819,-10
0.25,820,-10
0.25,821,-10
0.25,822,-10
0.25,823,-10
0.25,824,-10
0.25,825,-10
0.25,826,-10
0.25,827,-10
0.25,828,-10
0.25,829,-10
0.25,830,-10
0.25,831,-10
0.25,832,-10
0.25,833,-10
0.25,834,-10
0.25,835,-10
0.25,836,-10
0.25,837,-10
0.25,838,-10
0.25,839,-10
0.25,840,-10
0.25,841,-10
0.25,842,-10
0.25,843,-10
0.25,844,-10
0.25,845,-10
0.25,846,-10
0.25,847,-10
0.25,848,-10
0.25,849,-10
0.25,850,-10
0.25,851,-10
0.25,852,-10
0.25,853,-10
0.25,854,-10
0.25,855,-10
0.25,856,-10
0.25,857,-10
0.25,858,-10
0.25,859,-10
0.25,860,-10
0.25,861,-10
0.25,862,-10
0.25,863,-10
0.25,864,-10
0.25,865,-10
0.25,866,-10
0.25,867,-10
0.25,868,-10
0.25,869,-10
0.25,870,-10
0.25,871,-10
0.25,872,-10
0.25,873,-10
0.25,874,-10
0.25,875,-10
0.25,876,-10
0.25,877,-10
0.25,878,-10
0.25,879,-10
0.25,880,-10
0.25,881,-10
0.25,882,-10
0.25,883,-10
0.25,884,-10
0.25,885,-10
0.25,886,-10
0.25,887,-10
0.25,888,-10
0.25,889,-10
0.25,890,-10
0.25,891,-10
0.25,892,-10
0.25,893,-10
0.25,894,-10
0.25,895,-10
0.25,896,-10
0.25,897,-10
0.25,898,-10
0.25,899,-10
0.25,900,-10
0.25,901,-10
0.25,902,-10
0.25,903,-10
0.25,904,-10
0.25,905,-10
0.25,906,-10
0.25,907,-10
0.25,908,-10
0.25,909,-10
0.25,910,-10
0.25,911,-10
0.25,912,-10
0.25,913,-10
0.25,914,-10
0.25,915,-10
0.25,916,-10
0.25,917,-10
0.25,918,-10
0.25,919,-10
0.25,920,-10
0.25,921,-10
0.25,922,-10
0.25,923,-10
0.25,924,-10
0.25,925,-10
0.25,926,-10
0.25,927,-10
0.25,928,-10
0.25,929,-10
0.25,930,-10
0.25,931,-10
0.25,932,-10
0.25,933,-10
0.25,934,-10
0.25,935,-10
0.25,936,-10
0.25,937,-10
0.25,938,-10
0.25,939,-10
0.25,940,-10
0.25,941,-10
0.25,942,-10
0.25,943,-10
0.25,944,-10
0.25,945,-10
0.25,946,-10
0.25,947,-10
0.25,948,-10
0.25,949,-10
0.25,950,-10
0.25,951,-10
0.25,952,-10
0.25,953,-10
0.25,954,-10
0.25,955,-10
0.25,956,-10
0.25,957,-10
0.25,958,-10
0.25,959,-10
0.25,960,-10
0.25,961,-10
0.25,962,-10
0.25,963,-10
0.25,964,-10
0.25,965,-10
0.25,966,-10
0.25,967,-10
0.25,968,-10
0.25,969,-10
0.25,970,-10
0.25,971,-10
0.25,972,-10
0.25,973,-10
0.25,974,-10
0.25,975,-10
0.25,976,-10
0.25,977,-10
0.25,978,-10
0.25,979,-10
0.25,980,-10
0.25,981,-10
0.25,982,-10
0.25,983,-10
0.25,984,-10
0.25,985,-10
0.25,986,-10
0.25,987,-10
0.25,988,-10
0.25,989,-10
0.25,990,-10
0.25,991,-10
0.25,992,-10
0.25,993,-10
0.25,994,-10
0.25,995,-10
0.25,996,-10
0.25,997,-10
0.25,998,-10
0.25,999,-10
0.5,0,-34
0.5,1,-34
0.5,2,-32
0.5,3,-31
0.5,4,-31
0.5,5,-29
0.5,6,-29
0.5,7,-27
0.5,8,-27
0.5,9,-27
0.5,10,-27
0.5,11,-27
0.5,12,-25
0.5,13,-24
0.5,14,-24
0.5,15,-24
0.5,16,-24
0.5,17,-24
0.5,18,-24
0.5,19,-23
0.5,20,-23
0.5,21,-22
0.5,22,-22
0.5,23,-22
0.5,24,-22
0.5,25,-21
0.5,26,-21
0.5,27,-21
0.5,28,-21
0.5,29,-20
0.5,30,-19
0.5,31,-19
0.5,32,-19
0.5,33,-19
0.5,34,-19
0.5,35,-19
0.5,36,-18
0.5,37,-18
0.5,38,-18
0.5,39,-18
0.5,40,-18
0.5,41,-18
0.5,42,-18
0.5,43,-17
0.5,44,-17
0.5,45,-17
0.5,46,-17
0.5,47,-17
0.5,48,-17
0.5,49,-17
0.5,50,-17
0.5,51,-17
0.5,52,-17
0.5,53,-16
0.5,54,-16
0.5,55,-16
0.5,56,-16
0.5,57,-16
0.5,58,-16
0.5,59,-16
0.5,60,-16
0.5,61,-16
0.5,62,-16
0.5,63,-16
0.5,64,-16
0.5,65,-16
0.5,66,-16
0.5,67,-16
0.5,68,-16
0.5,69,-16
0.5,70,-16
0.5,71,-16
0.5,72,-16
0.5,73,-16
0.5,74,-15
0.5,75,-15
0.5,76,-15
0.5,77,-15
0.5,78,-15
0.5,79,-15
0.5,80,-15
0.5,81,-15
0.5,82,-15
0.5,83,-15
0.5,84,-15
0.5,85,-15
0.5,86,-15
0.5,87,-15
0.5,88,-15
0.5,89,-15
0.5,90,-15
0.5,91,-15
0.5,92,-15
0.5,93,-15
0.5,94,-15
0.5,95,-15
0.5,96,-15
0.5,97,-15
0.5,98,-15
0.5,99,-15
0.5,100,-15
0.5,101,-15
0.5,102,-15
0.5,103,-15
0.5,104,-15
0.5,105,-15
0.5,106,-15
0.5,107,-15
0.5,108,-15
0.5,109,-15
0.5,110,-15
0.5,111,-15
0.5,112,-15
0.5,113,-15
0.5,114,-15
0.5,115,-15
0.5,116,-15
0.5,117,-15
0.5,118,-15
0.5,119,-15
0.5,120,-15
0.5,121,-15
0.5,122,-15
0.5,123,-15
0.5,124,-15
0.5,125,-15
0.5,126,-15
0.5,127,-15
0.5,128,-15
0.5,129,-15
0.5,130,-15
0.5,131,-15
0.5,132,-15
0.5,133,-15
0.5,134,-15
0.5,135,-15
0.5,136,-15
0.5,137,-15
0.5,138,-15
0.5,139,-15
0.5,140,-15
0.5,141,-15
0.5,142,-15
0.5,143,-15
0.5,144,-15
0.5,145,-15
0.5,146,-15
0.5,147,-15
0.5,148,-15
0.5,149,-15
0.5,150,-15
0.5,151,-15
0.5,152,-15
0.5,153,-15
0.5,154,-15
0.5,155,-15
0.5,156,-15
0.5,157,-15
0.5,158,-15
0.5,159,-15
0.5,160,-15
0.5,161,-15
0.5,162,-15
0.5,163,-15
0.5,164,-15
0.5,165,-15
0.5,166,-15
0.5,167,-15
0.5,168,-15
0.5,169,-15
0.5,170,-15
0.5,171,-15
0.5,172,-15
0.5,173,-15
0.5,174,-15
0.5,175,-15
0.5,176,-15
0.5,177,-15
0.5,178,-15
0.5,179,-15
0.5,180,-15
0.5,181,-15
0.5,182,-15
0.5,183,-15
0.5,184,-15
0.5,185,-15
0.5,186,-15
0.5,187,-15
0.5,188,-15
0.5,189,-15
0.5,190,-15
0.5,191,-15
0.5,192,-15
0.5,193,-15
0.5,194,-15
0.5,195,-15
0.5,196,-15
0.5,197,-15
0.5,198,-15
0.5,199,-15
0.5,200,-15
0.5,201,-15
0.5,202,-15
0.5,203,-15
0.5,204,-15
0.5,205,-15
0.5,206,-15
0.5,207,-15
0.5,208,-15
0.5,209,-15
0.5,210,-15
0.5,211,-15
0.5,212,-15
0.5,213,-15
0.5,214,-15
0.5,215,-15
0.5,216,-15
0.5,217,-15
0.5,218,-15
0.5,219,-15
0.5,220,-15
0.5,221,-15
0.5,222,-15
0.5,223,-15
0.5,224,-15
0.5,225,-15
0.5,226,-15
0.5,227,-15
0.5,228,-15
0.5,229,-15
0.5,230,-15
0.5,231,-15
0.5,232,-15
0.5,233,-15
0.5,234,-15
0.5,235,-15
0.5,236,-15
0.5,237,-15
0.5,238,-15
0.5,239,-15
0.5,240,-15
0.5,241,-15
0.5,242,-15
0.5,243,-15
0.5,244,-15
0.5,245,-15
0.5,246,-15
0.5,247,-15
0.5,248,-15
0.5,249,-15
0.5,250,-15
0.5,251,-15
0.5,252,-15
0.5,253,-15
0.5,254,-15
0.5,255,-15
0.5,256,-15
0.5,257,-15
0.5,258,-15
0.5,259,-15
0.5,260,-15
0.5,261,-15
0.5,262,-15
0.5,263,-15
0.5,264,-15
0.5,265,-15
0.5,266,-15
0.5,267,-15
0.5,268,-15
0.5,269,-15
0.5,270,-15
0.5,271,-15
0.5,272,-15
0.5,273,-15
0.5,274,-15
0.5,275,-15
0.5,276,-15
0.5,277,-15
0.5,278,-15
0.5,279,-15
0.5,280,-15
0.5,281,-15
0.5,282,-15
0.5,283,-15
0.5,284,-15
0.5,285,-15
0.5,286,-15
0.5,287,-15
0.5,288,-15
0.5,289,-15
0.5,290,-15
0.5,291,-15
0.5,292,-15
0.5,293,-15
0.5,294,-15
0.5,295,-15
0.5,296,-15
0.5,297,-15
0.5,298,-15
0.5,299,-15
0.5,300,-15
0.5,301,-15
0.5,302,-15
0.5,303,-15
0.5,304,-15
0.5,305,-15
0.5,306,-15
0.5,307,-15
0.5,308,-15
0.5,309,-15
0.5,310,-15
0.5,311,-15
0.5,312,-15
0.5,313,-15
0.5,314,-15
0.5,315,-15
0.5,316,-15
0.5,317,-15
0.5,318,-15
0.5,319,-15
0.5,320,-15
0.5,321,-15
0.5,322,-15
0.5,323,-15
0.5,324,-15
0.5,325,-15
0.5,326,-15
0.5,327,-15
0.5,328,-15
0.5,329,-15
0.5,330,-15
0.5,331,-15
0.5,332,-15
0.5,333,-15
0.5,334,-15
0.5,335,-15
0.5,336,-15
0.5,337,-15
0.5,338,-15
0.5,339,-15
0.5,340,-15
0.5,341,-15
0.5,342,-15
0.5,343,-15
0.5,344,-15
0.5,345,-15
0.5,346,-15
0.5,347,-15
0.5,348,-15
0.5,349,-15
0.5,350,-15
0.5,351,-15
0.5,352,-15
0.5,353,-15
0.5,354,-15
0.5,355,-15
0.5,356,-15
0.5,357,-15
0.5,358,-15
0.5,359,-15
0.5,360,-15
0.5,361,-15
0.5,362,-15
0.5,363,-15
0.5,364,-15
0.5,365,-15
0.5,366,-15
0.5,367,-15
0.5,368,-15
0.5,369,-15
0.5,370,-15
0.5,371,-15
0.5,372,-15
0.5,373,-15
0.5,374,-15
0.5,375,-15
0.5,376,-15
0.5,377,-15
0.5,378,-15
0.5,379,-15
0.5,380,-15
0.5,381,-15
0.5,382,-15
0.5,383,-15
0.5,384,-15
0.5,385,-15
0.5,386,-15
0.5,387,-15
0.5,388,-15
0.5,389,-15
0.5,390,-15
0.5,391,-15
0.5,392,-15
0.5,393,-15
0.5,394,-15
0.5,395,-15
0.5,396,-15
0.5,397,-15
0.5,398,-15
0.5,399,-15
0.5,400,-15
0.5,401,-15
0.5,402,-15
0.5,403,-15
0.5,404,-15
0.5,405,-15
0.5,406,-15
0.5,407,-15
0.5,408,-15
0.5,409,-15
0.5,410,-15
0.5,411,-15
0.5,412,-15
0.5,413,-15
0.5,414,-15
0.5,415,-15
0.5,416,-15
0.5,417,-15
0.5,418,-15
0.5,419,-15
0.5,420,-15
0.5,421,-15
0.5,422,-15
0.5,423,-15
0.5,424,-15
0.5,425,-15
0.5,426,-15
0.5,427,-15
0.5,428,-15
0.5,429,-15
0.5,430,-15
0.5,431,-15
0.5,432,-15
0.5,433,-15
0.5,434,-15
0.5,435,-15
0.5,436,-15
0.5,437,-15
0.5,438,-15
0.5,439,-15
0.5,440,-15
0.5,441,-15
0.5,442,-15
0.5,443,-15
0.5,444,-15
0.5,445,-15
0.5,446,-15
0.5,447,-15
0.5,448,-15
0.5,449,-15
0.5,450,-15
0.5,451,-15
0.5,452,-15
0.5,453,-15
0.5,454,-15
0.5,455,-15
0.5,456,-15
0.5,457,-15
0.5,458,-15
0.5,459,-15
0.5,460,-15
0.5,461,-15
0.5,462,-15
0.5,463,-15
0.5,464,-15
0.5,465,-15
0.5,466,-15
0.5,467,-15
0.5,468,-15
0.5,469,-15
0.5,470,-15
0.5,471,-15
0.5,472,-15
0.5,473,-15
0.5,474,-15
0.5,475,-15
0.5,476,-15
0.5,477,-15
0.5,478,-15
0.5,479,-15
0.5,480,-15
0.5,481,-15
0.5,482,-15
0.5,483,-15
0.5,484,-15
0.5,485,-15
0.5,486,-15
0.5,487,-15
0.5,488,-15
0.5,489,-15
0.5,490,-15
0.5,491,-15
0.5,492,-15
0.5,493,-15
0.5,494,-15
0.5,495,-15
0.5,496,-15
0.5,497,-15
0.5,498,-15
0.5,499,-15
0.5,500,-15
0.5,501,-15
0.5,502,-15
0.5,503,-15
0.5,504,-15
0.5,505,-15
0.5,506,-15
0.5,507,-15
0.5,508,-15
0.5,509,-15
0.5,510,-15
0.5,511,-15
0.5,512,-15
0.5,513,-15
0.5,514,-15
0.5,515,-15
0.5,516,-15
0.5,517,-15
0.5,518,-15
0.5,519,-15
0.5,520,-15
0.5,521,-15
0.5,522,-15
0.5,523,-15
0.5,524,-15
0.5,525,-15
0.5,526,-15
0.5,527,-15
0.5,528,-15
0.5,529,-15
0.5,530,-15
0.5,531,-15
0.5,532,-15
0.5,533,-15
0.5,534,-15
0.5,535,-15
0.5,536,-15
0.5,537,-15
0.5,538,-15
0.5,539,-15
0.5,540,-15
0.5,541,-15
0.5,542,-15
0.5,543,-15
0.5,544,-15
0.5,545,-15
0.5,546,-15
0.5,547,-15
0.5,548,-15
0.5,549,-15
0.5,550,-15
0.5,551,-15
0.5,552,-15
0.5,553,-15
0.5,554,-15
0.5,555,-15
0.5,556,-15
0.5,557,-15
0.5,558,-15
0.5,559,-15
0.5,560,-15
0.5,561,-15
0.5,562,-15
0.5,563,-15
0.5,564,-15
0.5,565,-15
0.5,566,-15
0.5,567,-15
0.5,568,-15
0.5,569,-15
0.5,570,-15
0.5,571,-15
0.5,572,-15
0.5,573,-15
0.5,574,-15
0.5,575,-15
0.5,576,-15
0.5,577,-15
0.5,578,-15
0.5,579,-15
0.5,580,-15
0.5,581,-15
0.5,582,-15
0.5,583,-15
0.5,584,-15
0.5,585,-15
0.5,586,-15
0.5,587,-15
0.5,588,-15
0.5,589,-15
0.5,590,-15
0.5,591,-15
0.5,592,-15
0.5,593,-15
0.5,594,-15
0.5,595,-15
0.5,596,-15
0.5,597,-15
0.5,598,-15
0.5,599,-15
0.5,600,-15
0.5,601,-15
0.5,602,-15
0.5,603,-15
0.5,604,-15
0.5,605,-15
0.5,606,-15
0.5,607,-15
0.5,608,-15
0.5,609,-15
0.5,610,-15
0.5,611,-15
0.5,612,-15
0.5,613,-15
0.5,614,-15
0.5,615,-15
0.5,616,-15
0.5,617,-15
0.5,618,-15
0.5,619,-15
0.5,620,-15
0.5,621,-15
0.5,622,-15
0.5,623,-15
0.5,624,-15
0.5,625,-15
0.5,626,-15
0.5,627,-15
0.5,628,-15
0.5,629,-15
0.5,630,-15
0.5,631,-15
0.5,632,-15
0.5,633,-15
0.5,634,-15
0.5,635,-15
0.5,636,-15
0.5,637,-15
0.5,638,-15
0.5,639,-14
0.5,640,-14
0.5,641,-14
0.5,642,-14
0.5,643,-14
0.5,644,-14
0.5,645,-14
0.5,646,-14
0.5,647,-14
0.5,648,-14
0.5,649,-14
0.5,650,-14
0.5,651,-14
0.5,652,-14
0.5,653,-14
0.5,654,-14
0.5,655,-14
0.5,656,-14
0.5,657,-14
0.5,658,-14
0.5,659,-14
0.5,660,-14
0.5,661,-14
0.5,662,-14
0.5,663,-14
0.5,664,-14
0.5,665,-14
0.5,666,-14
0.5,667,-14
0.5,668,-14
0.5,669,-14
0.5,670,-14
0.5,671,-14
0.5,672,-14
0.5,673,-14
0.5,674,-14
0.5,675,-14
0.5,676,-14
0.5,677,-14
0.5,678,-14
0.5,679,-14
0.5,680,-14
0.5,681,-14
0.5,682,-14
0.5,683,-14
0.5,684,-14
0.5,685,-14
0.5,686,-14
0.5,687,-14
0.5,688,-14
0.5,689,-14
0.5,690,-14
0.5,691,-14
0.5,692,-14
0.5,693,-14
0.5,694,-14
0.5,695,-14
0.5,696,-14
0.5,697,-14
0.5,698,-14
0.5,699,-14
0.5,700,-14
0.5,701,-14
0.5,702,-14
0.5,703,-14
0.5,704,-14
0.5,705,-14
0.5,706,-14
0.5,707,-14
0.5,708,-14
0.5,709,-14
0.5,710,-14
0.5,711,-14
0.5,712,-14
0.5,713,-14
0.5,714,-14
0.5,715,-14
0.5,716,-14
0.5,717,-14
0.5,718,-14
0.5,719,-14
0.5,720,-14
0.5,721,-14
0.5,722,-14
0.5,723,-14
0.5,724,-14
0.5,725,-14
0.5,726,-14
0.5,727,-14
0.5,728,-14
0.5,729,-14
0.5,730,-14
0.5,731,-14
0.5,732,-14
0.5,733,-14
0.5,734,-14
0.5,735,-14
0.5,736,-14
0.5,737,-14
0.5,738,-14
0.5,739,-14
0.5,740,-14
0.5,741,-14
0.5,742,-14
0.5,743,-14
0.5,744,-14
0.5,745,-14
0.5,746,-14
0.5,747,-14
0.5,748,-14
0.5,749,-14
0.5,750,-14
0.5,751,-14
0.5,752,-14
0.5,753,-14
0.5,754,-14
0.5,755,-14
0.5,756,-14
0.5,757,-14
0.5,758,-14
0.5,759,-14
0.5,760,-14
0.5,761,-14
0.5,762,-14
0.5,763,-14
0.5,764,-14
0.5,765,-14
0.5,766,-14
0.5,767,-14
0.5,768,-14
0.5,769,-14
0.5,770,-14
0.5,771,-14
0.5,772,-14
0.5,773,-14
0.5,774,-14
0.5,775,-14
0.5,776,-14
0.5,777,-14
0.5,778,-14
0.5,779,-14
0.5,780,-14
0.5,781,-14
0.5,782,-14
0.5,783,-14
0.5,784,-14
0.5,785,-14
0.5,786,-14
0.5,787,-14
0.5,788,-14
0.5,789,-14
0.5,790,-14
0.5,791,-14
0.5,792,-14
0.5,793,-14
0.5,794,-14
0.5,795,-14
0.5,796,-14
0.5,797,-14
0.5,798,-14
0.5,799,-14
0.5,800,-14
0.5,801,-14
0.5,802,-14
0.5,803,-14
0.5,804,-14
0.5,805,-14
0.5,806,-14
0.5,807,-14
0.5,808,-14
0.5,809,-14
0.5,810,-14
0.5,811,-14
0.5,812,-14
0.5,813,-14
0.5,814,-14
0.5,815,-14
0.5,816,-14
0.5,817,-14
0.5,818,-14
0.5,819,-14
0.5,820,-14
0.5,821,-14
0.5,822,-14
0.5,823,-14
0.5,824,-14
0.5,825,-14
0.5,826,-14
0.5,827,-14
0.5,828,-14
0.5,829,-14
0.5,830,-14
0.5,831,-14
0.5,832,-14
0.5,833,-14
0.5,834,-14
0.5,835,-14
0.5,836,-14
0.5,837,-14
0.5,838,-14
0.5,839,-14
0.5,840,-14
0.5,841,-14
0.5,842,-14
0.5,843,-14
0.5,844,-14
0.5,845,-14
0.5,846,-14
0.5,847,-14
0.5,848,-14
0.5,849,-14
0.5,850,-14
0.5,851,-14
0.5,852,-14
0.5,853,-14
0.5,854,-14
0.5,855,-14
0.5,856,-14
0.5,857,-14
0.5,858,-14
0.5,859,-14
0.5,860,-14
0.5,861,-14
0.5,862,-14
0.5,863,-14
0.5,864,-14
0.5,865,-14
0.5,866,-14
0.5,867,-14
0.5,868,-14
0.5,869,-14
0.5,870,-14
0.5,871,-14
0.5,872,-14
0.5,873,-14
0.5,874,-14
0.5,875,-14
0.5,876,-14
0.5,877,-14
0.5,878,-14
0.5,879,-14
0.5,880,-14
0.5,881,-14
0.5,882,-14
0.5,883,-14
0.5,884,-14
0.5,885,-14
0.5,886,-14
0.5,887,-14
0.5,888,-14
0.5,889,-14
0.5,890,-14
0.5,891,-14
0.5,892,-14
0.5,893,-14
0.5,894,-14
0.5,895,-14
0.5,896,-14
0.5,897,-14
0.5,898,-14
0.5,899,-14
0.5,900,-14
0.5,901,-14
0.5,902,-14
0.5,903,-14
0.5,904,-14
0.5,905,-14
0.5,906,-14
0.5,907,-14
0.5,908,-14
0.5,909,-14
0.5,910,-14
0.5,911,-14
0.5,912,-14
0.5,913,-14
0.5,914,-14
0.5,915,-14
0.5,916,-14
0.5,917,-14
0.5,918,-14
0.5,919,-14
0.5,920,-14
0.5,921,-14
0.5,922,-14
0.5,923,-14
0.5,924,-14
0.5,925,-14
0.5,926,-14
0.5,927,-14
0.5,928,-14
0.5,929,-14
0.5,930,-14
0.5,931,-14
0.5,932,-14
0.5,933,-14
0.5,934,-14
0.5,935,-14
0.5,936,-14
0.5,937,-14
0.5,938,-14
0.5,939,-14
0.5,940,-14
0.5,941,-14
0.5,942,-14
0.5,943,-14
0.5,944,-14
0.5,945,-14
0.5,946,-14
0.5,947,-14
0.5,948,-14
0.5,949,-14
0.5,950,-14
0.5,951,-14
0.5,952,-14
0.5,953,-14
0.5,954,-14
0.5,955,-14
0.5,956,-14
0.5,957,-14
0.5,958,-14
0.5,959,-14
0.5,960,-14
0.5,961,-14
0.5,962,-14
0.5,963,-14
0.5,964,-14
0.5,965,-14
0.5,966,-14
0.5,967,-14
0.5,968,-14
0.5,969,-14
0.5,970,-14
0.5,971,-14
0.5,972,-14
0.5,973,-14
0.5,974,-14
0.5,975,-14
0.5,976,-14
0.5,977,-14
0.5,978,-14
0.5,979,-14
0.5,980,-14
0.5,981,-14
0.5,982,-14
0.5,983,-14
0.5,984,-14
0.5,985,-14
0.5,986,-14
0.5,987,-14
0.5,988,-14
0.5,989,-14
0.5,990,-14
0.5,991,-14
0.5,992,-14
0.5,993,-14
0.5,994,-14
0.5,995,-14
0.5,996,-14
0.5,997,-14
0.5,998,-14
0.5,999,-14
0.75,0,-34
0.75,1,-34
0.75,2,-31
0.75,3,-31
0.75,4,-31
0.75,5,-31
0.75,6,-31
0.75,7,-28
0.75,8,-28
0.75,9,-28
0.75,10,-28
0.75,11,-28
0.75,12,-28
0.75,13,-28
0.75,14,-28
0.75,15,-28
0.75,16,-28
0.75,17,-28
0.75,18,-27
0.75,19,-27
0.75,20,-27
0.75,21,-27
0.75,22,-27
0.75,23,-27
0.75,24,-27
0.75,25,-27
0.75,26,-27
0.75,27,-27
0.75,28,-27
0.75,29,-27
0.75,30,-27
0.75,31,-27
0.75,32,-27
0.75,33,-27
0.75,34,-27
0.75,35,-27
0.75,36,-27
0.75,37,-27
0.75,38,-27
0.75,39,-27
0.75,40,-27
0.75,41,-27
0.75,42,-27
0.75,43,-27
0.75,44,-27
0.75,45,-27
0.75,46,-27
0.75,47,-27
0.75,48,-27
0.75,49,-27
0.75,50,-27
0.75,51,-27
0.75,52,-27
0.75,53,-27
0.75,54,-27
0.75,55,-27
0.75,56,-27
0.75,57,-27
0.75,58,-27
0.75,59,-27
0.75,60,-27
0.75,61,-27
0.75,62,-27
0.75,63,-27
0.75,64,-27
0.75,65,-27
0.75,66,-27
0.75,67,-27
0.75,68,-26
0.75,69,-26
0.75,70,-26
0.75,71,-26
0.75,72,-26
0.75,73,-26
0.75,74,-26
0.75,75,-26
0.75,76,-26
0.75,77,-26
0.75,78,-26
0.75,79,-26
0.75,80,-26
0.75,81,-26
0.75,82,-26
0.75,83,-26
0.75,84,-26
0.75,85,-26
0.75,86,-26
0.75,87,-26
0.75,88,-26
0.75,89,-26
0.75,90,-26
0.75,91,-26
0.75,92,-26
0.75,93,-26
0.75,94,-26
0.75,95,-26
0.75,96,-26
0.75,97,-26
0.75,98,-26
0.75,99,-25
0.75,100,-25
0.75,101,-25
0.75,102,-25
0.75,103,-25
0.75,104,-25
0.75,105,-25
0.75,106,-25
0.75,107,-24
0.75,108,-24
0.75,109,-24
0.75,110,-24
0.75,111,-24
0.75,112,-24
0.75,113,-24
0.75,114,-24
0.75,115,-24
0.75,116,-24
0.75,117,-24
0.75,118,-24
0.75,119,-24
0.75,120,-24
0.75,121,-24
0.75,122,-24
0.75,123,-24
0.75,124,-24
0.75,125,-24
0.75,126,-24
0.75,127,-24
0.75,128,-24
0.75,129,-24
0.75,130,-24
0.75,131,-24
0.75,132,-24
0.75,133,-24
0.75,134,-24
0.75,135,-24
0.75,136,-24
0.75,137,-24
0.75,138,-24
0.75,139,-24
0.75,140,-24
0.75,141,-24
0.75,142,-24
0.75,143,-24
0.75,144,-24
0.75,145,-24
0.75,146,-23
0.75,147,-23
0.75,148,-23
0.75,149,-23
0.75,150,-23
0.75,151,-23
0.75,152,-23
0.75,153,-23
0.75,154,-23
0.75,155,-23
0.75,156,-23
0.75,157,-23
0.75,158,-23
0.75,159,-23
0.75,160,-23
0.75,161,-23
0.75,162,-23
0.75,163,-23
0.75,164,-23
0.75,165,-23
0.75,166,-23
0.75,167,-23
0.75,168,-23
0.75,169,-23
0.75,170,-23
0.75,171,-23
0.75,172,-23
0.75,173,-23
0.75,174,-23
0.75,175,-23
0.75,176,-23
0.75,177,-23
0.75,178,-23
0.75,179,-23
0.75,180,-23
0.75,181,-23
0.75,182,-23
0.75,183,-23
0.75,184,-23
0.75,185,-23
0.75,186,-23
0.75,187,-23
0.75,188,-23
0.75,189,-23
0.75,190,-23
0.75,191,-23
0.75,192,-23
0.75,193,-23
0.75,194,-23
0.75,195,-23
0.75,196,-23
0.75,197,-23
0.75,198,-23
0.75,199,-23
0.75,200,-23
0.75,201,-23
0.75,202,-23
0.75,203,-23
0.75,204,-23
0.75,205,-23
0.75,206,-23
0.75,207,-23
0.75,208,-23
0.75,209,-23
0.75,210,-23
0.75,211,-22
0.75,212,-22
0.75,213,-22
0.75,214,-22
0.75,215,-22
0.75,216,-22
0.75,217,-22
0.75,218,-22
0.75,219,-22
0.75,220,-22
0.75,221,-22
0.75,222,-22
0.75,223,-22
0.75,224,-22
0.75,225,-22
0.75,226,-22
0.75,227,-22
0.75,228,-22
0.75,229,-22
0.75,230,-22
0.75,231,-22
0.75,232,-22
0.75,233,-22
0.75,234,-22
0.75,235,-22
0.75,236,-22
0.75,237,-22
0.75,238,-22
0.75,239,-22
0.75,240,-22
0.75,241,-22
0.75,242,-22
0.75,243,-22
0.75,244,-22
0.75,245,-22
0.75,246,-22
0.75,247,-22
0.75,248,-22
0.75,249,-22
0.75,250,-22
0.75,251,-22
0.75,252,-22
0.75,253,-22
0.75,254,-22
0.75,255,-22
0.75,256,-22
0.75,257,-22
0.75,258,-22
0.75,259,-22
0.75,260,-22
0.75,261,-22
0.75,262,-22
0.75,263,-22
0.75,264,-22
0.75,265,-22
0.75,266,-22
0.75,267,-22
0.75,268,-22
0.75,269,-22
0.75,270,-22
0.75,271,-22
0.75,272,-22
0.75,273,-22
0.75,274,-22
0.75,275,-22
0.75,276,-22
0.75,277,-22
0.75,278,-22
0.75,279,-22
0.75,280,-22
0.75,281,-22
0.75,282,-22
0.75,283,-22
0.75,284,-22
0.75,285,-22
0.75,286,-22
0.75,287,-22
0.75,288,-22
0.75,289,-22
0.75,290,-22
0.75,291,-22
0.75,292,-22
0.75,293,-22
0.75,294,-22
0.75,295,-22
0.75,296,-22
0.75,297,-22
0.75,298,-22
0.75,299,-22
0.75,300,-22
0.75,301,-22
0.75,302,-22
0.75,303,-22
0.75,304,-22
0.75,305,-22
0.75,306,-22
0.75,307,-22
0.75,308,-22
0.75,309,-22
0.75,310,-22
0.75,311,-22
0.75,312,-22
0.75,313,-22
0.75,314,-22
0.75,315,-22
0.75,316,-22
0.75,317,-22
0.75,318,-22
0.75,319,-22
0.75,320,-22
0.75,321,-22
0.75,322,-22
0.75,323,-22
0.75,324,-22
0.75,325,-22
0.75,326,-22
0.75,327,-22
0.75,328,-22
0.75,329,-22
0.75,330,-22
0.75,331,-22
0.75,332,-22
0.75,333,-21
0.75,334,-21
0.75,335,-21
0.75,336,-21
0.75,337,-21
0.75,338,-21
0.75,339,-21
0.75,340,-21
0.75,341,-21
0.75,342,-21
0.75,343,-21
0.75,344,-21
0.75,345,-21
0.75,346,-21
0.75,347,-21
0.75,348,-21
0.75,349,-21
0.75,350,-21
0.75,351,-21
0.75,352,-21
0.75,353,-21
0.75,354,-21
0.75,355,-21
0.75,356,-21
0.75,357,-21
0.75,358,-21
0.75,359,-21
0.75,360,-21
0.75,361,-21
0.75,362,-21
0.75,363,-21
0.75,364,-21
0.75,365,-21
0.75,366,-21
0.75,367,-21
0.75,368,-21
0.75,369,-21
0.75,370,-21
0.75,371,-21
0.75,372,-21
0.75,373,-21
0.75,374,-21
0.75,375,-21
0.75,376,-21
0.75,377,-21
0.75,378,-21
0.75,379,-21
0.75,380,-21
0.75,381,-21
0.75,382,-21
0.75,383,-21
0.75,384,-21
0.75,385,-21
0.75,386,-21
0.75,387,-21
0.75,388,-21
0.75,389,-21
0.75,390,-21
0.75,391,-21
0.75,392,-21
0.75,393,-21
0.75,394,-21
0.75,395,-21
0.75,396,-21
0.75,397,-21
0.75,398,-21
0.75,399,-21
0.75,400,-21
0.75,401,-21
0.75,402,-21
0.75,403,-20
0.75,404,-20
0.75,405,-20
0.75,406,-20
0.75,407,-20
0.75,408,-20
0.75,409,-20
0.75,410,-20
0.75,411,-20
0.75,412,-19
0.75,413,-19
0.75,414,-19
0.75,415,-19
0.75,416,-19
0.75,417,-19
0.75,418,-19
0.75,419,-19
0.75,420,-19
0.75,421,-19
0.75,422,-19
0.75,423,-19
0.75,424,-18
0.75,425,-18
0.75,426,-18
0.75,427,-18
0.75,428,-18
0.75,429,-18
0.75,430,-18
0.75,431,-18
0.75,432,-18
0.75,433,-18
0.75,434,-18
0.75,435,-18
0.75,436,-18
0.75,437,-18
0.75,438,-18
0.75,439,-18
0.75,440,-18
0.75,441,-18
0.75,442,-18
0.75,443,-18
0.75,444,-18
0.75,445,-18
0.75,446,-18
0.75,447,-18
0.75,448,-18
0.75,449,-18
0.75,450,-18
0.75,451,-18
0.75,452,-18
0.75,453,-18
0.75,454,-18
0.75,455,-18
0.75,456,-18
0.75,457,-18
0.75,458,-18
0.75,459,-18
0.75,460,-18
0.75,461,-18
0.75,462,-18
0.75,463,-18
0.75,464,-18
0.75,465,-18
0.75,466,-18
0.75,467,-18
0.75,468,-18
0.75,469,-18
0.75,470,-18
0.75,471,-18
0.75,472,-18
0.75,473,-18
0.75,474,-18
0.75,475,-18
0.75,476,-18
0.75,477,-18
0.75,478,-18
0.75,479,-18
0.75,480,-18
0.75,481,-18
0.75,482,-18
0.75,483,-18
0.75,484,-18
0.75,485,-18
0.75,486,-18
0.75,487,-18
0.75,488,-18
0.75,489,-18
0.75,490,-18
0.75,491,-18
0.75,492,-18
0.75,493,-18
0.75,494,-18
0.75,495,-18
0.75,496,-18
0.75,497,-18
0.75,498,-18
0.75,499,-18
0.75,500,-18
0.75,501,-18
0.75,502,-18
0.75,503,-18
0.75,504,-18
0.75,505,-18
0.75,506,-18
0.75,507,-18
0.75,508,-18
0.75,509,-18
0.75,510,-18
0.75,511,-18
0.75,512,-18
0.75,513,-18
0.75,514,-18
0.75,515,-18
0.75,516,-18
0.75,517,-18
0.75,518,-18
0.75,519,-18
0.75,520,-18
0.75,521,-18
0.75,522,-18
0.75,523,-18
0.75,524,-18
0.75,525,-18
0.75,526,-18
0.75,527,-18
0.75,528,-18
0.75,529,-18
0.75,530,-18
0.75,531,-18
0.75,532,-18
0.75,533,-18
0.75,534,-18
0.75,535,-18
0.75,536,-18
0.75,537,-18
0.75,538,-18
0.75,539,-18
0.75,540,-18
0.75,541,-18
0.75,542,-18
0.75,543,-18
0.75,544,-18
0.75,545,-18
0.75,546,-18
0.75,547,-18
0.75,548,-18
0.75,549,-18
0.75,550,-18
0.75,551,-18
0.75,552,-18
0.75,553,-18
0.75,554,-18
0.75,555,-18
0.75,556,-18
0.75,557,-18
0.75,558,-18
0.75,559,-18
0.75,560,-18
0.75,561,-18
0.75,562,-18
0.75,563,-18
0.75,564,-18
0.75,565,-18
0.75,566,-18
0.75,567,-18
0.75,568,-18
0.75,569,-18
0.75,570,-18
0.75,571,-18
0.75,572,-18
0.75,573,-18
0.75,574,-18
0.75,575,-18
0.75,576,-18
0.75,577,-18
0.75,578,-18
0.75,579,-18
0.75,580,-18
0.75,581,-18
0.75,582,-18
0.75,583,-18
0.75,584,-18
0.75,585,-18
0.75,586,-18
0.75,587,-18
0.75,588,-18
0.75,589,-18
0.75,590,-18
0.75,591,-17
0.75,592,-17
0.75,593,-17
0.75,594,-17
0.75,595,-17
0.75,596,-17
0.75,597,-17
0.75,598,-17
0.75,599,-17
0.75,600,-17
0.75,601,-17
0.75,602,-16
0.75,603,-16
0.75,604,-16
0.75,605,-16
0.75,606,-16
0.75,607,-16
0.75,608,-16
0.75,609,-16
0.75,610,-16
0.75,611,-16
0.75,612,-16
0.75,613,-16
0.75,614,-16
0.75,615,-16
0.75,616,-16
0.75,617,-16
0.75,618,-16
0.75,619,-16
0.75,620,-16
0.75,621,-16
0.75,622,-16
0.75,623,-16
0.75,624,-16
0.75,625,-16
0.75,626,-16
0.75,627,-16
0.75,628,-16
0.75,629,-16
0.75,630,-16
0.75,631,-16
0.75,632,-16
0.75,633,-16
0.75,634,-16
0.75,635,-16
0.75,636,-16
0.75,637,-16
0.75,638,-16
0.75,639,-16
0.75,640,-16
0.75,641,-16
0.75,642,-16
0.75,643,-16
0.75,644,-16
0.75,645,-16
0.75,646,-16
0.75,647,-16
0.75,648,-16
0.75,649,-16
0.75,650,-16
0.75,651,-16
0.75,652,-16
0.75,653,-16
0.75,654,-16
0.75,655,-16
0.75,656,-16
0.75,657,-16
0.75,658,-16
0.75,659,-16
0.75,660,-16
0.75,661,-16
0.75,662,-16
0.75,663,-16
0.75,664,-16
0.75,665,-16
0.75,666,-16
0.75,667,-16
0.75,668,-16
0.75,669,-16
0.75,670,-16
0.75,671,-16
0.75,672,-16
0.75,673,-16
0.75,674,-16
0.75,675,-16
0.75,676,-16
0.75,677,-16
0.75,678,-16
0.75,679,-16
0.75,680,-16
0.75,681,-16
0.75,682,-16
0.75,683,-16
0.75,684,-16
0.75,685,-16
0.75,686,-16
0.75,687,-16
0.75,688,-16
0.75,689,-16
0.75,690,-16
0.75,691,-16
0.75,692,-16
0.75,693,-16
0.75,694,-16
0.75,695,-16
0.75,696,-16
0.75,697,-16
0.75,698,-16
0.75,699,-16
0.75,700,-16
0.75,701,-16
0.75,702,-16
0.75,703,-16
0.75,704,-16
0.75,705,-16
0.75,706,-16
0.75,707,-16
0.75,708,-16
0.75,709,-16
0.75,710,-16
0.75,711,-16
0.75,712,-16
0.75,713,-16
0.75,714,-16
0.75,715,-16
0.75,716,-16
0.75,717,-16
0.75,718,-16
0.75,719,-16
0.75,720,-16
0.75,721,-16
0.75,722,-16
0.75,723,-16
0.75,724,-16
0.75,725,-16
0.75,726,-16
0.75,727,-16
0.75,728,-16
0.75,729,-16
0.75,730,-16
0.75,731,-16
0.75,732,-16
0.75,733,-16
0.75,734,-16
0.75,735,-16
0.75,736,-16
0.75,737,-16
0.75,738,-16
0.75,739,-16
0.75,740,-16
0.75,741,-16
0.75,742,-16
0.75,743,-16
0.75,744,-16
0.75,745,-16
0.75,746,-16
0.75,747,-16
0.75,748,-16
0.75,749,-16
0.75,750,-16
0.75,751,-16
0.75,752,-16
0.75,753,-16
0.75,754,-16
0.75,755,-16
0.75,756,-16
0.75,757,-16
0.75,758,-16
0.75,759,-16
0.75,760,-16
0.75,761,-16
0.75,762,-16
0.75,763,-16
0.75,764,-16
0.75,765,-16
0.75,766,-16
0.75,767,-16
0.75,768,-16
0.75,769,-16
0.75,770,-16
0.75,771,-16
0.75,772,-16
0.75,773,-16
0.75,774,-16
0.75,775,-16
0.75,776,-16
0.75,777,-16
0.75,778,-16
0.75,779,-16
0.75,780,-16
0.75,781,-16
0.75,782,-16
0.75,783,-16
0.75,784,-16
0.75,785,-16
0.75,786,-16
0.75,787,-16
0.75,788,-16
0.75,789,-16
0.75,790,-16
0.75,791,-16
0.75,792,-16
0.75,793,-16
0.75,794,-16
0.75,795,-16
0.75,796,-16
0.75,797,-16
0.75,798,-16
0.75,799,-16
0.75,800,-16
0.75,801,-16
0.75,802,-16
0.75,803,-16
0.75,804,-16
0.75,805,-16
0.75,806,-16
0.75,807,-16
0.75,808,-16
0.75,809,-16
0.75,810,-16
0.75,811,-16
0.75,812,-16
0.75,813,-16
0.75,814,-16
0.75,815,-16
0.75,816,-16
0.75,817,-16
0.75,818,-16
0.75,819,-16
0.75,820,-16
0.75,821,-16
0.75,822,-16
0.75,823,-16
0.75,824,-16
0.75,825,-16
0.75,826,-16
0.75,827,-16
0.75,828,-16
0.75,829,-16
0.75,830,-16
0.75,831,-16
0.75,832,-16
0.75,833,-16
0.75,834,-16
0.75,835,-16
0.75,836,-16
0.75,837,-16
0.75,838,-16
0.75,839,-16
0.75,840,-16
0.75,841,-16
0.75,842,-16
0.75,843,-16
0.75,844,-16
0.75,845,-16
0.75,846,-16
0.75,847,-16
0.75,848,-16
0.75,849,-16
0.75,850,-16
0.75,851,-16
0.75,852,-16
0.75,853,-16
0.75,854,-16
0.75,855,-16
0.75,856,-16
0.75,857,-16
0.75,858,-16
0.75,859,-16
0.75,860,-16
0.75,861,-16
0.75,862,-16
0.75,863,-16
0.75,864,-16
0.75,865,-16
0.75,866,-16
0.75,867,-15
0.75,868,-15
0.75,869,-15
0.75,870,-15
0.75,871,-15
0.75,872,-15
0.75,873,-15
0.75,874,-15
0.75,875,-15
0.75,876,-15
0.75,877,-15
0.75,878,-15
0.75,879,-15
0.75,880,-15
0.75,881,-15
0.75,882,-15
0.75,883,-15
0.75,884,-15
0.75,885,-15
0.75,886,-15
0.75,887,-15
0.75,888,-15
0.75,889,-15
0.75,890,-15
0.75,891,-15
0.75,892,-15
0.75,893,-15
0.75,894,-15
0.75,895,-15
0.75,896,-15
0.75,897,-15
0.75,898,-15
0.75,899,-15
0.75,900,-15
0.75,901,-15
0.75,902,-15
0.75,903,-15
0.75,904,-15
0.75,905,-15
0.75,906,-15
0.75,907,-15
0.75,908,-15
0.75,909,-15
0.75,910,-15
0.75,911,-15
0.75,912,-15
0.75,913,-15
0.75,914,-15
0.75,915,-15
0.75,916,-15
0.75,917,-15
0.75,918,-15
0.75,919,-15
0.75,920,-15
0.75,921,-15
0.75,922,-15
0.75,923,-15
0.75,924,-15
0.75,925,-15
0.75,926,-15
0.75,927,-15
0.75,928,-15
0.75,929,-15
0.75,930,-15
0.75,931,-15
0.75,932,-15
0.75,933,-15
0.75,934,-15
0.75,935,-15
0.75,936,-15
0.75,937,-15
0.75,938,-15
0.75,939,-15
0.75,940,-15
0.75,941,-15
0.75,942,-15
0.75,943,-15
0.75,944,-15
0.75,945,-15
0.75,946,-15
0.75,947,-15
0.75,948,-15
0.75,949,-15
0.75,950,-15
0.75,951,-15
0.75,952,-15
0.75,953,-15
0.75,954,-15
0.75,955,-15
0.75,956,-15
0.75,957,-15
0.75,958,-15
0.75,959,-15
0.75,960,-15
0.75,961,-15
0.75,962,-15
0.75,963,-15
0.75,964,-15
0.75,965,-15
0.75,966,-15
0.75,967,-15
0.75,968,-15
0.75,969,-15
0.75,970,-15
0.75,971,-15
0.75,972,-15
0.75,973,-15
0.75,974,-14
0.75,975,-14
0.75,976,-14
0.75,977,-14
0.75,978,-14
0.75,979,-14
0.75,980,-14
0.75,981,-14
0.75,982,-14
0.75,983,-14
0.75,984,-14
0.75,985,-14
0.75,986,-14
0.75,987,-14
0.75,988,-14
0.75,989,-14
0.75,990,-14
0.75,991,-14
0.75,992,-14
0.75,993,-14
0.75,994,-14
0.75,995,-14
0.75,996,-14
0.75,997,-14
0.75,998,-14
0.75,999,-14
